ZCTA5CE20,count_grocery_supermarket,count_grocery_large,count_grocery_medium,count_grocery_small,count_grocery_combination,count_grocery_specialty,count_farmers_market,count_convenience,count_pharmacy,count_hospital,count_clinic,count_library,count_school,count_community_center,count_social_services,count_grocery_any,count_snap_retailers,count_total_civic,nearest_grocery_miles,nearest_pharmacy_m,nearest_pharmacy_miles,nearest_hospital_m,nearest_hospital_miles,nearest_clinic_m,nearest_clinic_miles,nearest_library_m,nearest_library_miles,nearest_community_center_m,nearest_community_center_miles,nearest_social_services_m,nearest_social_services_miles,nearest_pantry_miles,nearest_snap_miles,no_vehicle_rate,poverty_rate,median_household_income,total_population,area_name,county_name,unemployment_rate,no_insurance_rate
15845,2,0,0,0,2,0,0,7,0,0,0,0,0,0,0,4,11,11,0.76,90163.2824221276,56.03,83689.10130882032,52.0,84953.09679930814,52.79,105499.81756924404,65.55,90301.3456766273,56.11,83897.61719534539,52.13,1.37,0.77,5.5,9.4,65000.0,3109,Johnsonburg,Elk,7.8,7.9
16245,0,0,0,0,0,0,0,0,0,0,0,0,0,0,0,0,0,0,1.66,86346.1848975236,53.65,77305.67762350815,48.04,77841.60195588761,48.37,100818.94933220444,62.65,86624.85060681705,53.83,77748.12680873906,48.31,0.73,1.05,11.3,7.3,48750.0,262,Oak Ridge,Clarion,10.4,9.1
16256,0,0,0,0,0,0,0,0,0,0,0,0,0,0,0,0,0,0,7.07,106285.97192556654,66.04,96656.68077604636,60.06,97259.29367644692,60.43,120810.91938796714,75.07,106053.97858939136,65.9,97095.37719214178,60.33,10.57,7.07,47.0,20.1,57847.0,1925,Smicksburg,Jefferson,4.7,12.7
15744,0,0,0,0,0,0,0,0,0,0,0,0,0,0,0,0,0,0,4.61,106582.5267111126,66.23,94504.9354651453,58.72,95195.36035859032,59.15,120834.94843882906,75.08,103963.272750196,64.6,94936.2361199261,58.99,6.02,3.66,0.0,0.0,109688.0,46,Hamilton,Jefferson,0.0,8.6
15784,0,0,0,0,0,0,0,0,0,0,0,0,0,0,0,0,0,0,2.55,94706.7539771872,58.85,81381.04783394554,50.57,82092.7815130343,51.01,108711.10567182556,67.55,90845.98137824872,56.45,81810.18788862797,50.83,7.79,2.53,0.0,2.0,58125.0,49,Worthville,Jefferson,0.0,8.0
16878,0,0,0,0,0,0,0,3,0,0,0,0,0,0,0,0,3,3,3.65,149494.29944628483,92.89,136202.07463210696,84.63,137262.01570688962,85.29,164802.40475830523,102.4,145110.08680278272,90.17,136554.49338779724,84.85,6.87,2.71,4.2,16.4,65000.0,1784,West Decatur,Clearfield,7.0,8.9
16651,1,0,0,1,2,0,0,2,0,0,0,0,0,0,0,4,7,7,1.45,153890.57742971237,95.62,139465.0994973885,86.66,140467.46441864525,87.28,169020.21120641875,105.02,148583.89304358364,92.33,139837.06688441202,86.89,8.86,1.45,8.0,12.4,64965.0,5777,Houtzdale,Clearfield,5.2,11.9
15767,1,1,4,2,5,0,0,14,0,0,0,0,0,0,0,13,37,37,0.91,110575.84361357968,68.71,95695.61459094606,59.46,96491.3484538881,59.96,124444.36237231802,77.33,105152.9589624792,65.34,96113.56649541222,59.72,1.11,0.66,11.3,19.1,49907.0,14136,Punxsutawney,Clearfield,4.4,9.1
15824,1,0,0,0,1,0,0,2,0,0,0,0,0,0,0,2,4,4,2.57,95447.99734418408,59.31,82325.57705063619,51.15,83420.24922570855,51.84,110711.11038085954,68.79,91101.55930591242,56.61,82664.6147048275,51.37,7.43,2.58,5.4,10.7,62500.0,4954,Brockway,Clearfield,5.3,7.7
16738,0,0,1,0,0,0,0,3,0,0,0,0,0,0,0,1,4,4,6.14,78783.91499365361,48.95,80535.43420239711,50.04,78843.8423210206,48.99,89549.96389389051,55.64,78952.02164577824,49.06,80571.28986087447,50.06,7.56,2.0,2.2,9.1,64450.0,2018,Lewis Run,McKean,2.4,11.9
16732,0,0,0,0,0,0,0,0,0,0,0,0,0,0,0,0,0,0,2.99,89681.41135662196,55.73,92565.16337812576,57.52,89749.1216840825,55.77,97605.162998501,60.65,89852.67525382257,55.83,92584.8026997591,57.53,7.03,2.97,0.0,2.4,67461.0,253,Gifford,McKean,0.0,6.6
16730,0,0,0,0,0,0,0,1,0,0,0,0,0,0,0,0,1,1,0.81,105037.33100872223,65.27,106457.5481448244,66.15,105099.18573667196,65.31,113817.95151835222,70.72,105206.2905159714,65.37,106514.392334481,66.19,1.21,0.3,0.0,0.0,,38,East Smethport,McKean,0.0,6.8
15870,0,0,0,0,0,0,0,1,0,0,0,0,0,0,0,0,1,1,7.66,96083.19588525526,59.7,91913.90919429,57.11,93194.07063444468,57.91,111092.83931637194,69.03,96232.97554402672,59.8,92079.60511377212,57.22,8.01,5.67,5.6,12.6,58750.0,1239,Wilcox,Elk,3.4,6.8
16550,0,0,0,0,0,0,0,0,0,0,0,0,0,0,0,0,0,0,0.29,1268.1314636903123,0.79,140.2172946187478,0.09,155.65040496044017,0.1,351.102606880842,0.22,856.5728511992598,0.53,939.8564402807748,0.58,0.11,0.19,,,,0,Erie,Erie,,
16410,0,0,0,0,0,0,0,0,0,0,0,0,0,0,0,0,0,4,3.12,8956.257228249257,5.57,21345.502463118144,13.26,5722.260208532151,3.56,5626.582717886507,3.5,5975.255653646417,3.71,5916.192596121762,3.68,3.76,3.13,0.9,8.2,91250.0,1987,Cranesville,Erie,2.8,7.0
16475,0,0,0,0,0,0,0,0,0,0,0,0,0,0,0,0,0,0,1.01,14203.90268400522,8.83,28049.65377451867,17.43,1585.7999740915786,0.99,1724.2368996217886,1.07,1672.17865481201,1.04,1568.1111326348707,0.97,0.97,1.01,,,,2180,Albion,Erie,,
16428,0,0,0,2,4,0,1,7,1,0,6,1,7,0,4,6,15,54,1.12,4558.398248780834,2.83,20945.417345288064,13.01,4165.868710506431,2.59,4661.677679324466,2.9,13690.777599261068,8.51,4131.447707133285,2.57,6.36,1.05,7.6,10.8,77103.0,12508,North East,Erie,5.0,6.6
16403,1,0,1,3,2,0,0,3,0,0,0,1,10,0,0,7,10,31,2.1,13121.9022249192,8.15,19593.344177936924,12.17,12739.062761531057,7.92,3305.269530426566,2.05,11695.20527510221,7.27,13836.754381468458,8.6,10.49,2.07,6.1,9.5,69539.0,6979,Cambridge Springs,Crawford,4.3,7.8
16627,1,0,0,0,0,0,0,1,0,0,0,0,0,0,0,1,2,2,1.39,155068.89936809355,96.36,139145.81383286047,86.46,140057.24106534268,87.03,169831.20680551996,105.53,148479.57217383746,92.26,139541.75773425496,86.71,17.66,1.39,5.8,14.5,51047.0,2026,Coalport,Clearfield,8.6,8.2
16442,0,0,0,0,1,0,0,2,0,0,0,0,3,0,0,1,3,11,1.99,17088.064683213597,10.62,20764.127879517924,12.9,16846.245182608425,10.47,12065.129386748506,7.5,15771.91599739913,9.8,18328.18631447067,11.39,1.14,1.3,2.1,7.9,69185.0,3091,Wattsburg,Erie,5.1,7.2
16028,1,0,0,0,3,0,0,1,0,0,0,0,0,0,0,4,5,5,2.61,72129.81249940151,44.82,75240.10109777168,46.75,75294.3707203091,46.79,87025.48490395289,54.08,83330.77518983446,51.78,75668.4475716872,47.02,9.11,2.52,5.3,8.9,61250.0,2053,East Brady,Clarion,2.7,8.4
16222,0,0,0,0,0,0,0,0,0,0,0,0,0,0,0,0,0,0,8.26,98720.30308837802,61.34,91732.20507013243,57.0,92225.09540856953,57.31,113433.43660341253,70.48,100986.17750884534,62.75,92176.13941445031,57.28,9.75,6.05,13.1,11.5,61313.0,3139,Dayton,Jefferson,8.9,8.9
15742,0,0,0,1,0,0,0,0,0,0,0,0,0,0,0,1,1,1,3.46,127289.39295377838,79.09,113939.78213603725,70.8,114703.632186392,71.27,141467.3108352983,87.9,123406.69936066636,76.68,114362.20308865924,71.06,10.42,3.46,8.0,8.7,51635.0,1007,Glen Campbell,Clearfield,3.5,10.2
15861,0,0,0,0,0,0,0,0,0,0,0,0,0,0,0,0,0,0,3.44,145778.3183181828,90.58,138652.74067281905,86.16,139895.04919214817,86.93,161078.9741678201,100.09,145917.68446878166,90.67,138891.6161042091,86.3,15.45,3.43,9.1,8.4,76563.0,107,Sinnamahoning,Clearfield,0.0,6.0
16242,0,0,0,0,3,0,1,5,0,0,0,0,0,0,0,3,10,10,1.49,82493.83476841623,51.26,75136.81424470252,46.69,75600.20355612585,46.98,97096.42134890836,60.33,84343.01284162304,52.41,75581.49065699293,46.96,1.27,0.99,7.0,16.9,54727.0,4328,New Bethlehem,Clarion,2.7,8.2
15846,0,0,0,0,1,0,0,3,0,0,0,0,0,0,0,1,4,4,2.29,104726.21935010926,65.07,94985.1230757462,59.02,96185.61656780697,59.77,120212.41974275964,74.7,102960.2925534707,63.98,95263.68338401582,59.19,6.98,1.92,1.7,6.2,77917.0,3361,Kersey,Clearfield,2.8,6.8
16049,1,0,1,2,0,0,0,0,0,0,0,0,0,0,0,4,4,4,0.62,57442.16138105538,35.69,59689.04263267972,37.09,59702.00196892055,37.1,72360.40081685442,44.96,67655.45904737791,42.04,60112.9971226093,37.35,9.23,0.63,4.6,14.3,63295.0,2897,Parker,Clarion,6.6,8.2
16746,0,0,0,0,0,0,0,1,0,0,0,0,0,0,0,0,1,1,7.52,128747.03272969152,80.0,129444.74758292802,80.43,128807.103344257,80.04,137167.9797694798,85.23,128915.21149445653,80.1,129524.2756730418,80.48,7.72,3.39,3.2,14.4,60606.0,1018,Roulette,McKean,8.4,8.0
15860,0,0,0,0,0,0,0,1,0,0,0,0,0,0,0,0,1,1,9.31,75505.744979552,46.92,61894.87853625022,38.46,62988.933784501925,39.14,90636.48557804314,56.32,70700.43587055647,43.93,62234.731645346925,38.67,9.69,6.07,7.3,11.8,67000.0,1193,Sigel,Jefferson,6.4,7.3
15857,4,0,2,2,11,0,1,11,0,0,0,0,0,0,0,19,34,34,1.94,104366.07539179048,64.85,97573.52027150248,60.63,98829.53184506134,61.41,119698.66557337828,74.38,104504.17810352393,64.94,97794.79686475094,60.77,2.57,1.45,9.1,8.3,64894.0,12825,Saint Marys,Elk,8.4,6.9
15711,0,0,0,0,0,0,0,0,0,0,0,0,0,0,0,0,0,0,3.46,107959.44924357493,67.08,91740.26769050812,57.0,92578.87645932312,57.53,121579.77599375276,75.55,101170.3824831177,62.86,92151.20332386452,57.26,4.49,3.43,6.7,19.9,44375.0,357,Anita,Jefferson,5.3,11.1
15776,0,0,0,0,0,0,0,0,0,0,0,0,0,0,0,0,0,0,3.12,97124.66070491934,60.35,83569.25997202889,51.93,84294.42456326162,52.38,111112.94552637676,69.04,93036.81535503786,57.81,83996.84042449282,52.19,9.06,2.73,0.0,10.3,26250.0,29,Sprankle Mills,Jefferson,0.0,7.8
15780,0,0,0,0,0,0,0,0,0,0,0,0,0,0,0,0,0,0,3.92,107624.7951964633,66.88,95275.5215893714,59.2,95977.36360068776,59.64,121847.80504681982,75.71,104737.91123521872,65.08,95705.61952503158,59.47,5.26,2.83,0.0,0.0,77500.0,65,Valier,Jefferson,0.0,8.6
16313,0,0,2,0,1,0,0,0,0,0,0,0,0,0,0,3,3,3,4.59,46952.43206006233,29.17,46110.30695249543,28.65,46986.89992088116,29.2,61890.39640656871,38.46,47105.7489280518,29.27,46157.8401293858,28.68,5.66,4.61,2.9,17.1,54052.0,1705,Clarendon,McKean,4.2,7.1
16352,0,0,0,0,0,0,0,0,0,0,0,0,0,0,0,0,0,0,3.13,54472.46036202138,33.85,55531.67212484253,34.51,54521.71417177231,33.88,68846.31848031063,42.78,54635.132653535285,33.95,55555.80295106827,34.52,4.43,3.13,0.0,6.8,45417.0,220,Tiona,Warren,0.0,7.7
16434,0,0,1,1,2,0,0,3,1,0,1,0,1,1,0,4,7,16,1.88,3708.689998212117,2.3,17866.247361185684,11.1,3638.379541442936,2.26,18719.662493206637,11.63,3745.149519071872,2.33,17453.3705713847,10.85,8.47,1.89,30.4,20.2,57868.0,3008,Spartansburg,Crawford,6.8,11.6
16420,0,0,0,0,0,0,0,0,0,0,0,0,0,0,0,0,0,0,6.76,18606.11404133365,11.56,13083.321001483457,8.13,14202.722418131132,8.83,33613.38482674535,20.89,16736.069873996155,10.4,12992.037846193049,8.07,7.12,6.76,2.5,4.4,47321.0,434,Grand Valley,Venango,0.6,8.1
16235,0,0,0,1,0,0,0,2,0,0,0,0,0,0,0,1,3,3,0.41,62936.44843317181,39.11,44659.74595586328,27.75,45454.955851595616,28.24,75817.7701629017,47.11,54120.62695743299,33.63,45078.81845640604,28.01,7.45,0.4,1.6,4.3,80972.0,1407,Lucinda,Clarion,1.5,7.9
16258,0,0,0,0,0,0,0,0,0,0,0,0,0,0,0,0,0,0,3.95,73135.754890466,45.44,56248.61064989209,34.95,57026.203820950745,35.43,86266.33984796026,53.6,65713.82873728324,40.83,56669.86206057191,35.21,5.99,3.95,13.3,10.5,51125.0,1870,Strattanville,Jefferson,1.4,6.7
16145,0,0,0,0,0,0,0,0,0,0,0,0,0,0,0,0,0,0,7.64,15725.651603952125,9.77,29054.84463421176,18.05,26571.602610775277,16.51,28903.14997966933,17.96,28150.028680175707,17.49,19659.614100192764,12.22,12.47,7.03,1.8,9.1,64500.0,2674,Sandy Lake,Venango,5.4,8.1
16374,0,0,0,0,0,0,0,0,0,0,0,0,0,0,0,0,0,0,5.31,35759.98933211728,22.22,42769.51078983265,26.58,42445.12987697136,26.37,50674.06163721498,31.49,49332.07481048528,30.65,39181.360853260834,24.35,9.35,5.31,7.3,8.2,54688.0,1643,Kennerdell,Venango,1.2,7.8
17764,0,0,0,0,0,0,0,0,0,0,0,0,0,0,0,0,0,0,16.02,164063.9572160411,101.94,158054.32088712387,98.21,159310.5259815879,98.99,179192.42069827742,111.35,164209.68487255563,102.04,158274.82072172014,98.35,24.0,16.01,14.4,21.7,40847.0,2460,Renovo,Cameron,14.8,8.8
15730,0,0,0,0,0,0,0,0,0,0,0,0,0,0,0,0,0,0,4.06,98647.07418129468,61.3,84025.20653902866,52.21,84791.48894461953,52.69,112479.54602944315,69.89,93492.03500319924,58.09,84447.55044888487,52.47,8.43,3.94,0.0,4.3,63482.0,140,Coolspring,Jefferson,0.0,8.4
15832,0,0,0,2,0,0,0,0,0,0,0,0,0,0,0,2,2,2,3.06,135335.57188339348,84.09,128215.52622016262,79.67,129459.7594576438,80.44,150649.05734005678,93.61,135474.38889081814,84.18,128452.18504592418,79.82,11.14,3.06,2.0,8.9,40139.0,282,Driftwood,Clearfield,11.5,6.4
15863,0,0,0,0,0,0,0,0,0,0,0,0,0,0,0,0,0,0,2.17,114444.7119477917,71.11,98341.50803979526,61.11,99259.05584925096,61.68,129097.22011484038,80.22,107670.34053152175,66.9,98736.39231885762,61.35,6.22,0.76,5.1,18.9,65417.0,135,Stump Creek,Jefferson,6.7,10.7
16405,0,0,0,1,0,0,0,0,0,0,0,0,0,0,0,1,1,1,2.37,17943.506473789326,11.15,35904.84191133147,22.31,18065.594574729606,11.23,26358.552332019208,16.38,18096.878978541252,11.24,35555.97784413088,22.09,5.75,2.37,1.7,10.2,55938.0,557,Columbus,Warren,3.0,8.3
16323,2,0,2,2,8,0,0,7,0,0,0,0,0,0,0,14,28,28,0.75,22504.00215504124,13.98,27561.9302258042,17.13,26987.50712057932,16.77,36679.25932900683,22.79,32976.44270392058,20.49,25076.00203450345,15.58,0.33,0.29,7.1,11.0,62233.0,14694,Franklin,Venango,6.9,8.1
16328,1,0,0,0,0,0,0,0,0,0,0,0,0,0,0,1,1,3,0.26,19538.330330798275,12.14,4373.926243115124,2.72,3276.59068308144,2.04,29046.1009241912,18.05,5993.788966245413,3.72,4075.096597805104,2.53,3.21,0.27,23.1,9.3,45208.0,233,Hydetown,Crawford,21.3,7.6
16111,0,0,0,0,0,0,0,0,0,0,0,0,1,0,0,0,0,1,4.44,17086.900177737854,10.62,17869.03379213009,11.1,10972.100011102706,6.82,17458.71849295804,10.85,16080.617477982976,9.99,17085.435630295782,10.62,10.4,4.44,30.1,16.9,55833.0,1168,Atlantic,Crawford,2.9,10.2
16311,0,0,0,0,0,0,0,0,0,0,0,0,0,0,0,0,0,0,4.4,7872.042911814835,4.89,22506.682995922685,13.99,20702.88437803479,12.86,22445.82242658225,13.95,21977.261329687724,13.66,11812.129776007843,7.34,11.13,4.27,6.8,6.0,73750.0,397,Carlton,Venango,0.0,8.0
16440,0,0,0,1,0,0,0,0,0,0,0,0,2,0,0,1,1,3,1.45,9843.77742374466,6.12,16132.961397003632,10.02,7650.227827926515,4.75,6709.326252079085,4.17,8923.007390664281,5.54,11312.72537785934,7.03,9.79,1.46,2.9,8.0,71250.0,741,Venango,Crawford,6.1,6.1
16220,0,0,0,0,0,0,0,0,0,0,0,0,0,0,0,0,0,0,3.76,57124.11267109197,35.5,41979.42040657253,26.08,43033.50455259546,26.74,71819.20990698141,44.63,50995.09398649199,31.69,42336.20895321042,26.31,8.29,2.86,0.0,0.0,,72,Crown,Clarion,0.0,
16656,0,0,0,0,1,0,0,0,0,0,0,0,0,0,0,1,1,1,2.43,147059.8069559967,91.38,131144.07392227778,81.49,132058.78330602014,82.06,161816.24829880815,100.55,140472.98761098,87.29,131539.3218216272,81.73,16.84,2.43,10.9,23.3,46081.0,1206,Irvona,Clearfield,4.4,8.7
16680,0,0,0,0,0,0,0,0,0,0,0,0,0,0,0,0,0,0,4.7,160547.57374091883,99.76,145188.69452731073,90.22,146135.0037488677,90.8,175473.1279143294,109.03,154453.81620892743,95.97,145576.2538148995,90.46,13.75,3.34,2.6,14.1,78295.0,348,Smithmill,Clearfield,2.0,9.2
16616,0,0,0,0,0,0,0,0,0,0,0,0,0,0,0,0,0,0,3.07,156421.1852372313,97.2,140901.77745806478,87.55,141839.28236469085,88.14,171300.59948138642,106.44,150186.16002317757,93.32,141291.5603768942,87.79,14.93,3.07,13.5,41.1,,90,Beccaria,Clearfield,19.2,8.5
16134,0,0,0,0,0,0,0,0,0,0,0,0,4,0,0,0,1,7,5.02,30007.309155123872,18.65,30813.422239480125,19.15,22034.530841619577,13.69,30385.552766395496,18.88,29068.64380396207,18.06,29982.666713970582,18.63,10.47,4.72,6.5,13.1,57798.0,4080,Jamestown,Crawford,4.9,7.1
16036,0,0,0,0,0,0,0,0,0,0,0,0,0,0,0,0,0,0,2.38,54044.7499976436,33.58,55363.64932072224,34.4,55384.78581872649,34.41,68936.48042788524,42.84,63371.28253284257,39.38,55788.35926184218,34.67,7.48,2.39,1.6,4.4,59911.0,297,Foxburg,Clarion,11.7,8.5
16849,0,0,0,0,0,0,0,0,0,0,0,0,0,0,0,0,0,0,3.38,162872.11691749108,101.2,150990.7767385231,93.82,152105.24632507324,94.51,178318.72899382995,110.8,159615.32994360907,99.18,151320.0943987297,94.03,4.7,3.19,0.0,6.9,,101,Lanse,Clearfield,0.0,8.0
16876,0,0,0,0,0,0,0,1,0,0,0,0,0,0,0,0,1,1,1.94,150717.7129015013,93.65,137931.69535432107,85.71,139013.4843138021,86.38,166085.54236252533,103.2,146738.50342671893,91.18,138275.49764314026,85.92,4.77,0.29,11.5,14.0,68333.0,235,Wallaceton,Clearfield,8.8,9.0
16879,0,0,0,0,0,0,0,0,0,0,0,0,0,0,0,0,0,0,1.49,159602.42352734305,99.17,147641.035943058,91.74,148753.31617981786,92.43,175043.01050331478,108.77,156279.88644065958,97.11,147971.40394904438,91.95,2.6,1.48,0.0,3.0,78036.0,300,Winburne,Clearfield,2.4,8.6
16735,2,0,3,2,6,0,0,17,0,0,0,0,0,0,0,13,32,32,1.41,76084.07849731667,47.28,72461.89076575017,45.03,73744.90893557722,45.82,91122.21228519718,56.62,76233.54938653256,47.37,72604.03216145713,45.11,2.21,1.4,7.7,7.1,58496.0,6465,Kane,Elk,3.1,7.4
16727,0,0,0,0,0,0,0,0,0,0,0,0,0,0,0,0,0,0,3.86,97349.12691434122,60.49,102908.32479131424,63.94,97431.303594304,60.54,100352.98188778396,62.36,97524.0994065624,60.6,102876.5068126317,63.92,3.33,2.3,5.1,0.0,89243.0,227,Derrick City,McKean,0.0,7.4
16748,0,0,0,0,0,0,0,0,0,0,0,0,0,0,0,0,0,0,11.25,128741.470480674,80.0,132174.9478418253,82.13,128815.66467547932,80.04,132987.3677474487,82.63,128914.77927774208,80.1,132198.07344384643,82.14,11.37,11.16,6.5,11.8,56838.0,2687,Shinglehouse,McKean,6.3,8.8
16750,0,0,0,1,0,0,0,0,0,0,0,0,0,0,0,1,1,1,2.79,115668.958751473,71.87,118423.39246557624,73.59,115738.76451700705,71.92,121723.10300773816,75.64,115840.94728126368,71.98,118456.7253701306,73.61,5.04,2.8,7.2,4.5,103906.0,463,Turtlepoint,McKean,1.4,7.6
16333,0,0,0,0,0,0,0,0,0,0,0,0,0,0,0,0,0,0,5.99,63302.55283157399,39.33,63533.78724227744,39.48,63350.3121785351,39.36,77707.28577084075,48.29,63464.3770297942,39.44,63586.10829772736,39.51,6.14,3.08,0.0,4.2,44500.0,191,Ludlow,McKean,8.2,8.0
16321,0,0,0,0,0,0,0,0,0,0,0,0,0,0,0,0,0,0,1.01,37104.530302814615,23.06,24365.12071005908,15.14,25589.236543942254,15.9,52015.68904719857,32.32,32428.043356530867,20.15,24627.61331452705,15.3,6.02,1.01,0.0,0.0,,10,East Hickory,Forest,0.0,8.2
16833,1,0,0,1,1,0,0,14,0,0,0,0,0,0,0,3,17,17,2.08,134940.8048200953,83.85,120070.32711852674,74.61,121054.98826536514,75.22,149957.59259532174,93.18,129245.20630762404,80.31,120447.69752520484,74.84,9.84,2.08,4.8,12.7,57264.0,5280,Curwensville,Clearfield,6.8,7.7
16858,0,0,0,1,2,0,0,3,0,0,0,0,0,0,0,3,6,6,1.83,154352.67555033698,95.91,142445.1201157502,88.51,143560.8037382862,89.2,169794.54956681243,105.51,151065.72392081108,93.87,142773.91806917827,88.72,1.56,1.83,4.1,10.3,57292.0,3953,Morrisdale,Clearfield,4.2,8.4
16871,0,0,0,0,0,0,0,0,0,0,0,0,0,0,0,0,0,0,11.56,154848.6691049933,96.22,146009.35746480906,90.73,147216.41330256884,91.48,170287.95086648013,105.81,153859.187605586,95.6,146282.22254348052,90.9,16.83,6.14,0.0,0.0,55536.0,23,Pottersdale,Clearfield,0.0,
16845,0,0,0,0,0,0,0,2,0,0,0,0,0,0,0,0,2,2,13.63,157454.69847032032,97.84,148271.2482256568,92.13,149469.60983792032,92.88,172910.9346287082,107.44,156218.96458212545,97.07,148550.9133916405,92.31,15.39,5.25,1.8,9.4,66875.0,955,Karthaus,Clearfield,6.6,10.8
16834,0,0,0,0,0,0,0,0,0,0,0,0,0,0,0,0,0,0,4.64,158483.6502761423,98.48,147513.41833814816,91.66,148660.76129967783,92.37,173964.81095636848,108.1,155920.24546825606,96.88,147825.95966625956,91.86,6.58,4.63,6.6,1.8,115241.0,711,Drifting,Clearfield,0.0,8.0
15865,0,0,0,0,2,0,0,4,0,0,0,0,0,0,0,2,6,6,0.18,112703.1648042547,70.03,97153.21185212117,60.37,98108.60458680186,60.96,127516.38564549667,79.24,106407.126603356,66.12,97538.84164458777,60.61,5.08,0.18,12.5,17.7,37885.0,1023,Sykesville,Clearfield,5.0,8.2
16701,4,0,0,2,9,0,0,26,0,0,0,0,0,0,0,15,47,47,6.28,76433.12159105169,47.49,81375.72062655922,50.56,76509.4333979739,47.54,82773.7079340049,51.43,76606.96393530627,47.6,81345.05673724561,50.55,7.04,6.29,10.1,16.4,61996.0,16584,Bradford,McKean,4.0,8.4
16733,0,0,0,0,0,0,0,0,0,0,0,0,0,0,0,0,0,0,2.65,91800.81156389225,57.04,90650.23889747454,56.33,91846.9821721257,57.07,105230.09321737486,65.39,91961.71413680947,57.14,90753.0570826394,56.39,2.76,2.65,11.6,8.8,43438.0,204,Hazel Hurst,McKean,0.0,7.7
16743,1,0,0,0,2,0,0,2,0,0,0,0,0,0,0,3,6,6,1.89,118656.78126094844,73.73,119397.77448214094,74.19,118716.30364330308,73.77,127552.49338195648,79.26,118824.71101749755,73.83,119473.43333981078,74.24,2.23,1.84,5.0,21.5,53846.0,3960,Port Allegany,McKean,8.3,7.5
16507,1,0,0,10,3,0,1,23,1,1,4,1,2,1,4,14,40,66,0.5,1544.8324889501723,0.96,342.98857971257047,0.21,340.918892605308,0.21,38.62131640450821,0.02,1205.799164397839,0.75,1067.940232776635,0.66,0.22,0.39,21.3,27.0,34474.0,8653,Erie Downtown,Erie,4.8,12.2
16502,0,1,2,13,4,0,1,32,0,3,4,0,5,2,3,20,53,90,0.24,1345.4073892362867,0.84,1553.8070354304086,0.97,982.904290932659,0.61,2167.119559118577,1.35,1055.2394322329253,0.66,949.1926657344872,0.59,0.12,0.24,26.1,33.0,34649.0,15815,Erie West,Erie,8.3,11.7
16508,2,2,3,6,11,0,0,24,1,0,28,1,4,1,4,24,52,112,0.21,939.4061008228572,0.58,1730.1504850960423,1.08,482.08373524879886,0.3,2131.192208198592,1.32,884.9412037144106,0.55,566.4349927710949,0.35,0.4,0.21,8.1,14.3,52361.0,15156,Erie South Central,Erie,5.8,8.0
16501,0,1,2,3,6,0,2,21,0,1,5,1,8,2,4,12,35,78,0.31,1572.1127126578126,0.98,255.3790751182202,0.16,466.52763227240143,0.29,741.7581061032014,0.46,701.2612578003492,0.44,511.1192456665689,0.32,0.26,0.27,66.4,61.0,14579.0,1919,Erie Downtown,Erie,15.6,16.2
16426,0,1,1,0,1,0,0,1,0,0,0,0,1,0,0,3,4,14,0.99,9775.728158868851,6.07,10003.995522545116,6.22,8289.696918340112,5.15,10231.812277516294,6.36,8207.843398322726,5.1,8978.28780204625,5.58,1.36,0.99,4.0,9.1,79554.0,3324,McKean,Erie,7.5,6.0
16430,0,0,0,0,0,0,0,0,0,0,0,0,0,0,0,0,0,0,3.17,8337.568218439805,5.18,23768.06543539999,14.77,8321.638132773987,5.17,7762.410465247677,4.82,13307.045779244849,8.27,8700.797274955905,5.41,5.39,3.16,0.0,14.4,125833.0,118,Platea,Erie,0.0,
16412,1,0,1,1,4,0,2,3,2,0,4,1,7,1,1,7,15,48,0.44,2829.6722744137683,1.76,21052.5489863856,13.08,854.6144704552054,0.53,1869.8140182530487,1.16,4144.185435298404,2.58,3587.236147824015,2.23,8.29,0.44,4.1,15.2,67659.0,9726,Edinboro,Crawford,5.5,5.8
16421,0,0,1,0,0,0,0,1,0,0,0,0,1,0,0,1,3,13,0.67,9020.423564199864,5.61,13042.75857881022,8.1,4188.675729448881,2.6,6732.924387370329,4.18,6364.582663167292,3.95,4879.543379220566,3.03,1.05,0.67,1.1,16.2,68088.0,2251,Lake City,Erie,1.7,5.7
16407,4,0,1,0,5,0,0,5,0,0,0,0,6,0,0,10,16,29,1.22,10496.424905000407,6.52,31507.6395309636,19.58,10616.740299415049,6.6,15351.765484415531,9.54,10575.124049425016,6.57,31092.02469582035,19.32,0.47,1.22,10.8,21.2,48962.0,10555,Corry,Crawford,9.0,8.5
16668,0,0,0,0,0,0,0,0,0,0,0,0,0,0,0,0,0,0,8.97,154801.7635789442,96.19,140836.98605030784,87.51,141646.2644989826,88.02,168980.05570365873,105.0,150285.95982443754,93.38,141252.51184419205,87.77,26.88,7.44,7.5,11.7,60947.0,3620,Patton,Clearfield,4.1,7.3
16639,0,0,0,0,0,0,0,0,0,0,0,0,0,0,0,0,0,0,3.99,163600.00937504895,101.66,147513.72461413982,91.66,148411.27884814146,92.22,177761.00229719852,110.46,156869.3872174179,97.47,147912.68754647457,91.91,18.8,3.99,1.7,11.0,72911.0,1391,Fallentimber,Clearfield,3.5,7.8
16041,0,0,0,0,0,0,0,0,0,0,0,0,0,0,0,0,0,0,5.4,64319.23248423077,39.97,69655.74593775105,43.28,69600.73063473239,43.25,79169.95589757654,49.19,77332.99948347048,48.05,67972.38271196725,42.24,11.19,5.35,2.3,10.3,68750.0,1865,Karns City,Clarion,2.4,7.5
15825,0,0,0,3,5,0,0,15,0,0,0,0,0,0,0,8,33,33,0.97,90614.06776613947,56.31,74326.61060767224,46.18,75250.61568313501,46.76,105150.45505026486,65.34,83650.3890341187,51.98,74720.36720521514,46.43,3.22,0.28,7.2,12.7,61522.0,9407,Brookville,Jefferson,4.9,7.6
16218,0,0,0,0,0,0,0,0,0,0,0,0,0,0,0,0,0,0,4.39,76933.69519802413,47.8,78805.73633464516,48.97,78920.87627583942,49.04,91844.94478737267,57.07,87106.276176084,54.13,79239.39802596625,49.24,9.08,4.37,3.6,12.1,72232.0,1138,Cowansville,Clarion,6.9,7.3
15864,0,0,0,0,1,0,0,5,0,0,0,0,0,0,0,1,6,6,1.45,86113.69324926275,53.51,71893.81015999791,44.67,72616.4929119351,45.12,99903.0386844848,62.08,81360.84065944518,50.56,72321.82111437852,44.94,6.49,1.09,3.5,14.7,61417.0,1852,Summerville,Jefferson,4.0,7.9
15827,0,0,0,0,0,0,0,0,0,0,0,0,0,0,0,0,0,0,1.95,114771.06645622302,71.32,105057.28766182152,65.28,106254.23352928965,66.02,130255.91259400376,80.94,113057.40242978788,70.25,105338.4054517211,65.45,8.93,1.94,0.0,1.7,72000.0,345,Byrnedale,Elk,8.5,7.3
15841,0,0,0,0,0,0,0,0,0,0,0,0,0,0,0,0,0,0,0.73,117042.70866853229,72.73,106726.036890371,66.32,107906.02328246788,67.05,132527.71809315393,82.35,114891.99461829732,71.39,107019.12848617505,66.5,11.39,0.49,20.9,1.6,27386.0,188,Force,Elk,0.0,7.3
15764,0,0,0,0,1,0,0,0,0,0,0,0,0,0,0,1,1,1,0.54,104307.20135185552,64.81,89576.45953120936,55.66,90356.96326661504,56.15,118161.49956218008,73.42,99039.70255860558,61.54,89996.7378671972,55.92,4.91,0.55,0.0,3.9,58750.0,154,Oliveburg,Jefferson,0.0,8.1
16416,0,0,0,1,0,0,0,1,0,0,0,0,0,0,0,1,2,2,1.62,17787.250006661194,11.05,27415.67537090908,17.04,17851.130599767963,11.09,31992.86560644667,19.88,17956.986799865248,11.16,27177.18966509812,16.89,8.11,1.62,0.0,19.0,72731.0,142,Garland,Warren,0.0,7.8
16254,0,0,1,2,1,0,0,3,0,0,0,0,0,0,0,4,7,7,1.13,58001.4290756101,36.04,45080.29930072691,28.01,45624.54527238155,28.35,71551.65580056302,44.46,54412.9234754428,33.81,45522.66871025315,28.29,5.07,1.13,4.8,8.6,57250.0,3468,Shippenville,Clarion,6.5,7.3
16301,1,0,2,2,8,0,0,4,0,0,0,0,0,0,0,13,19,20,2.27,34633.765953539645,21.52,19907.52690050241,12.37,20097.908917778263,12.49,46467.0741452339,28.87,28596.34630871423,17.77,20344.61160037234,12.64,3.38,2.27,11.2,16.4,57368.0,15067,Oil City,Venango,6.3,8.0
16424,0,1,1,0,4,0,0,1,0,0,0,0,1,0,0,6,8,10,0.99,24109.90817924506,14.98,24729.45971236975,15.37,17010.43504853546,10.57,24390.72082239118,15.16,23565.288413052465,14.64,24047.923792999693,14.94,0.97,0.88,4.7,10.2,56285.0,4328,Linesville,Crawford,3.9,7.7
16404,0,0,0,0,1,0,0,6,0,0,0,0,5,1,0,1,7,24,1.54,13978.770574275197,8.69,13656.849478080594,8.49,12841.07202300808,7.98,19661.816108549618,12.22,4383.4686180880735,2.72,13250.596125878626,8.23,8.7,1.54,8.5,18.9,62130.0,3396,Centerville,Crawford,8.2,10.0
16372,0,1,1,1,1,0,0,0,0,0,0,0,0,0,0,4,4,4,0.15,39114.48643059346,24.3,50697.01410695757,31.5,50286.22626595076,31.25,53874.128019511256,33.48,53384.89302684103,33.17,42866.9918808431,26.64,13.65,0.15,8.8,9.2,43750.0,510,Clintonville,Venango,12.4,9.2
16316,2,0,0,4,3,0,0,5,0,0,0,0,4,0,0,9,14,21,0.17,12818.540959107342,7.97,13596.18395817107,8.45,4642.624836237344,2.88,13180.143232011244,8.19,11978.514424682562,7.44,12782.293132300856,7.94,7.39,0.16,4.6,10.0,64906.0,4688,Conneaut Lake,Crawford,5.3,6.7
16153,0,0,0,0,0,0,0,0,0,0,0,0,0,0,0,0,0,0,8.58,23217.000808375768,14.43,36309.71947006573,22.56,33656.4668161643,20.91,36134.52541159441,22.45,35307.173601575945,21.94,27153.58964139766,16.87,13.94,8.57,5.5,12.2,64625.0,2303,Stoneboro,Venango,1.2,7.9
16620,0,0,0,0,0,0,0,0,0,0,0,0,0,0,0,0,0,0,0.98,156346.65451862686,97.15,141984.77209577936,88.23,142989.77504612564,88.85,171490.5898373125,106.56,151094.8087196686,93.89,142355.9117719358,88.46,7.9,0.99,2.0,21.1,57083.0,350,Brisbin,Clearfield,13.3,9.4
15753,0,0,0,0,0,0,0,0,0,0,0,0,0,0,0,0,0,0,3.97,143785.46403064486,89.34,127843.5941376858,79.44,128711.35250246427,79.98,157621.73726696378,97.94,137241.36609864503,85.28,128248.79484516825,79.69,19.73,2.74,3.4,15.7,53625.0,425,La Jose,Clearfield,2.8,9.6
16332,0,0,0,0,0,0,0,0,0,0,0,0,0,0,0,0,0,0,2.93,57910.79874472688,35.98,39908.36684044398,24.8,40746.45961485497,25.32,71597.43434601428,44.49,49347.8197418453,30.66,40320.74854299725,25.05,10.11,2.94,10.8,4.5,40375.0,88,Lickingville,Clarion,0.0,8.8
16422,0,0,0,0,0,0,0,0,0,0,0,0,0,0,0,0,0,0,1.97,13749.003613660145,8.54,14302.92503154206,8.89,8057.461242720947,5.01,13995.925955294557,8.7,13331.859279179573,8.28,13658.662985428124,8.49,5.81,1.97,0.0,49.4,,79,Harmonsburg,Crawford,0.0,6.3
16671,0,0,0,0,0,0,0,2,0,0,0,0,0,0,0,0,2,2,2.85,157073.59123576336,97.6,142044.9786194089,88.26,143012.34128361853,88.86,172077.25759473702,106.92,151261.1057008475,93.99,142427.02992657176,88.5,11.79,0.5,4.8,6.8,58750.0,417,Ramey,Clearfield,2.9,9.0
16866,2,0,0,0,2,0,0,4,0,0,0,0,0,0,0,4,10,10,3.27,165522.0222888237,102.85,152424.81762129327,94.71,153488.9482046177,95.37,180864.55337810412,112.38,161309.7058063292,100.23,152775.5372055115,94.93,3.24,3.28,13.1,17.0,48580.0,8924,Philipsburg,Clearfield,4.7,12.6
15848,0,0,0,1,0,0,0,0,0,0,0,0,0,0,0,1,1,1,1.52,119598.96465769752,74.32,104607.54660675896,65.0,105592.70660893402,65.61,134566.40604075612,83.62,113785.29249021084,70.7,104984.92642668396,65.23,6.53,1.53,16.3,4.6,62917.0,1081,Luthersburg,Clearfield,4.5,8.8
16666,0,1,0,1,2,0,0,1,0,0,0,0,0,0,0,4,5,5,1.87,156370.17215935368,97.16,142516.94349917324,88.56,143548.09637552648,89.2,171602.72146000978,106.63,151537.88054359754,94.16,142879.61481468793,88.78,5.11,1.87,2.4,20.2,55938.0,2774,Osceola Mills,Clearfield,8.7,9.6
16836,0,0,0,0,0,0,0,0,0,0,0,0,0,0,0,0,0,0,10.74,140675.1009420183,87.41,130168.55035205456,80.88,131335.0186021059,81.61,156160.75904870342,97.03,138434.08206782886,86.02,130470.06517787052,81.07,11.5,8.01,1.2,13.1,59205.0,1106,Frenchville,Clearfield,4.5,7.9
15801,6,0,0,0,13,0,0,9,0,0,0,0,0,0,0,19,38,38,0.33,111569.47726088073,69.33,97695.63065118558,60.71,98744.90732508677,61.36,126748.06756910756,78.76,106664.00239106888,66.28,98052.37828959536,60.93,1.78,0.33,8.4,9.9,66380.0,20251,Du Bois,Clearfield,4.1,7.2
15856,0,0,0,0,0,0,0,0,0,0,0,0,0,0,0,0,0,0,5.05,121186.8699204914,75.3,107657.12608716008,66.9,108717.46071560294,67.55,136434.08284609916,84.78,116574.87348602845,72.44,108009.65838187248,67.11,7.94,5.05,4.0,8.7,61667.0,883,Rockton,Clearfield,1.2,8.5
16847,0,1,1,0,0,0,0,0,0,0,0,0,0,0,0,2,2,2,0.57,156864.30940995782,97.47,145138.6432001218,90.19,146260.36323327318,90.88,172317.51332702936,107.07,153721.0438483644,95.52,145464.51550730428,90.39,2.4,0.56,0.0,14.2,,316,Kylertown,Clearfield,9.4,8.9
15866,0,0,0,0,0,0,0,0,0,0,0,0,0,0,0,0,0,0,2.31,116334.24525557632,72.29,100753.11041548026,62.61,101704.26491783078,63.2,131145.47126175783,81.49,110015.48192561674,68.36,101139.79332361509,62.85,6.52,2.31,13.8,4.4,78750.0,160,Troutville,Clearfield,0.0,9.0
16729,0,0,1,0,1,0,0,3,0,0,0,0,0,0,0,2,5,5,1.11,101488.9125090582,63.06,106378.60844769176,66.1,101568.20659505196,63.11,105218.38478387088,65.38,101663.40079557092,63.17,106362.46248303266,66.09,0.65,1.1,1.4,22.5,67941.0,708,Duke Center,McKean,7.9,7.7
16511,0,0,0,1,1,0,0,9,1,0,4,1,5,1,5,2,12,42,0.19,3979.741280452751,2.47,7659.461248530855,4.76,1381.6000174916303,0.86,1764.7176745866795,1.1,3730.887338745877,2.32,342.9651812562895,0.21,1.96,0.16,8.8,12.8,71644.0,11709,Erie Lawrence Park,Erie,2.2,8.0
16509,4,0,2,1,9,0,0,18,1,1,21,1,13,1,8,16,43,126,0.63,4290.196068953112,2.67,4268.674789297506,2.65,2725.1414967877618,1.69,5110.279258667338,3.18,3912.700584881483,2.43,2997.5128603053604,1.86,1.82,0.61,7.6,11.4,68880.0,28133,Erie Millcreek/South,Erie,2.7,5.8
16506,1,0,2,3,7,0,0,12,1,1,28,0,9,0,7,13,28,110,0.86,468.0510045313636,0.29,1068.8579249158845,0.66,947.5401800444572,0.59,4218.324831357056,2.62,5987.925145233213,3.72,459.8233737727092,0.29,1.37,0.73,6.6,7.8,84021.0,24190,Erie Millcreek/West,Erie,2.6,5.3
16401,0,1,1,1,2,0,0,1,0,0,1,1,1,1,1,5,6,16,2.08,15096.30832075624,9.38,30121.677853911293,18.72,3705.941751946019,2.3,3770.815178548989,2.34,3404.7515308390007,2.12,3495.008206900007,2.17,2.09,2.05,9.4,11.9,67976.0,3842,Albion,Crawford,6.8,10.3
16417,0,0,0,0,4,0,0,6,1,0,1,1,3,0,2,4,16,37,1.66,3288.2480781099566,2.04,17610.437390441904,10.94,3270.930300651041,2.03,4163.100517768187,2.59,9983.713756549983,6.2,3367.695497192183,2.09,2.19,1.66,4.2,6.5,80410.0,8400,Girard,Erie,5.0,7.4
16411,0,0,0,1,0,0,0,0,0,0,0,0,0,0,0,1,1,4,0.9,11277.261180262947,7.01,27249.42206111344,16.93,11256.39863960772,6.99,10901.982169800507,6.77,12196.467124623505,7.58,11664.656458447547,7.25,7.23,0.92,2.0,9.2,67000.0,1287,East Springfield,Erie,9.3,7.5
16840,0,0,0,0,0,0,0,0,0,0,0,0,0,0,0,0,0,0,2.04,159374.93060515868,99.03,146673.91908694676,91.14,147756.80737917172,91.81,174756.3761643783,108.59,155472.32657333577,96.61,147017.20912910576,91.35,2.29,2.01,12.2,0.0,54805.0,247,Hawk Run,Clearfield,18.1,8.4
16860,0,0,0,0,0,0,0,1,0,0,0,0,0,0,0,0,1,1,2.66,159881.22687368002,99.35,147560.21456858062,91.69,148658.49403361438,92.37,175296.45429072602,108.92,156278.4465454197,97.11,147896.93666084134,91.9,2.64,0.6,0.0,3.3,73225.0,393,Munson,Clearfield,0.0,7.8
16837,0,0,0,0,0,0,0,0,0,0,0,0,0,0,0,0,0,0,2.9,140711.77558153376,87.43,126577.03539577962,78.65,127599.28328356695,79.29,155882.96918825092,96.86,135633.89845819873,84.28,126942.79301851853,78.88,6.19,2.9,0.0,34.6,,104,Glen Richey,Clearfield,0.0,7.6
15840,0,0,0,1,1,0,0,2,0,0,0,0,0,0,0,2,4,4,1.72,102229.63324286928,63.52,88008.42454542451,54.69,89046.68727530046,55.33,117328.25265906852,72.9,97024.51412406436,60.29,88369.22706068051,54.91,2.26,1.72,1.8,13.3,55125.0,1807,Falls Creek,Clearfield,4.4,7.8
16740,0,0,1,0,0,0,0,1,0,0,0,0,0,0,0,1,2,2,5.04,95719.95719793047,59.48,94342.0194187516,58.62,95622.45236360456,59.42,109135.46491256976,67.81,95880.4369708017,59.58,94451.47892443366,58.69,5.14,5.03,6.0,11.4,47222.0,823,Mount Jewett,Elk,3.8,7.9
16731,1,1,1,0,1,0,0,1,0,0,0,0,0,0,0,4,5,5,0.36,110049.87889907112,68.38,114164.08104566215,70.94,110126.09645262054,68.43,114359.17015941786,71.06,110223.70241771732,68.49,114167.3169467856,70.94,5.74,0.36,3.1,10.1,59986.0,2397,Eldred,McKean,9.9,7.8
16724,0,0,0,0,0,0,0,1,0,0,0,0,0,0,0,0,1,1,4.99,108159.11642001278,67.21,108085.5140058076,67.16,108213.26947449984,67.24,118878.64740143927,73.87,108324.44204801532,67.31,108174.05466796082,67.22,5.08,0.16,0.0,26.0,,73,Crosby,McKean,13.5,7.1
16353,1,1,1,0,2,0,0,5,0,0,0,0,0,0,0,5,10,10,3.41,44370.53601161668,27.57,28861.74167154622,17.93,29943.899021717683,18.61,58815.52071308733,36.55,37819.18773362108,23.5,29209.07839873572,18.15,3.53,3.42,11.1,15.0,54674.0,2459,Tionesta,Clarion,3.8,7.8
16335,4,0,5,6,15,0,1,18,4,1,17,2,29,2,6,30,60,160,0.09,693.4044055701132,0.43,1340.461726987407,0.83,152.37045742710978,0.09,976.8017944672793,0.61,631.9240146106612,0.39,735.5225887393174,0.46,0.17,0.09,10.2,11.8,58531.0,27112,Meadville,Crawford,3.8,7.7
16362,0,0,0,0,0,0,0,3,0,0,0,0,2,0,0,0,3,6,5.41,11355.23257049214,7.06,26167.96219144414,16.26,24989.32975803124,15.53,26191.667523980268,16.27,25981.65268844432,16.14,14647.154769705438,9.1,7.55,0.95,5.6,11.0,63750.0,1018,Utica,Venango,4.1,7.7
16402,0,0,0,0,0,0,0,0,0,0,0,0,0,0,0,0,0,0,5.42,23155.246757439345,14.39,40291.61206406997,25.04,23275.77085938515,14.46,27280.589719463213,16.95,23312.00988008867,14.49,39918.27379352012,24.8,7.72,5.42,8.1,6.5,54783.0,570,Bear Lake,Warren,7.8,8.5
16214,2,0,0,2,8,0,0,16,0,0,0,0,0,0,0,12,31,31,0.44,68333.34683438315,42.46,54995.36750346893,34.17,55619.47127300679,34.56,82032.14422506824,50.97,64411.649586281295,40.02,55432.922923881546,34.44,1.44,0.44,5.2,24.3,53430.0,8655,Clarion,Clarion,8.9,7.7
16334,0,0,0,0,0,0,0,0,0,0,0,0,0,0,0,0,0,0,3.27,56519.8052544909,35.12,42002.431638685965,26.1,42594.17850925772,26.47,69744.63557242311,43.34,51388.88729140814,31.93,42442.40165845412,26.37,6.74,3.26,5.7,12.3,71364.0,448,Marble,Clarion,2.0,7.5
16125,0,0,0,0,0,0,0,0,0,0,0,0,0,0,0,0,0,0,7.3,29739.18557525156,18.48,32287.236459246848,20.06,25361.263589002807,15.76,31888.25079736344,19.81,30520.820814952207,18.96,31528.01551925584,19.59,17.22,7.29,8.8,11.2,56851.0,17088,Greenville,Crawford,6.4,7.7
16130,0,0,0,0,0,0,0,0,0,0,0,0,0,0,0,0,0,0,6.7,16469.045343558697,10.23,22845.69622549404,14.2,19121.27586724476,11.88,22528.80319855372,14.0,21329.49384012517,13.25,18855.108069105227,11.72,13.55,6.69,4.1,13.7,57171.0,1876,Hadley,Crawford,2.7,7.7
16661,0,0,1,1,1,0,0,0,0,0,0,0,0,0,0,3,3,3,0.64,151337.47563114247,94.04,136314.26253344805,84.7,137283.81085222284,85.3,166337.06775306183,103.36,145525.80487561852,90.43,136695.75378675232,84.94,12.82,0.63,5.3,11.5,57059.0,922,Madera,Clearfield,10.9,9.6
16213,0,0,0,0,0,0,0,1,0,0,0,0,0,0,0,0,1,1,0.09,60827.960507447686,37.8,57339.80939135913,35.63,57568.26635278047,35.77,75545.74021579981,46.94,66016.17837827501,41.02,57780.54457932848,35.9,4.43,0.06,7.1,1.7,65000.0,119,Callensburg,Clarion,0.0,8.7
16881,0,0,0,0,2,0,0,2,0,0,0,0,0,0,0,2,5,5,2.23,145139.0541988283,90.19,132900.74527037854,82.58,134006.5171287077,83.27,160553.331496077,99.76,141583.2822153582,87.98,133234.21936070643,82.79,5.48,1.5,2.5,15.2,60313.0,2349,Woodland,Clearfield,5.1,9.0
16830,5,1,1,0,8,0,1,15,0,0,0,0,0,0,0,15,36,36,3.17,133079.3376150947,82.69,120777.84034844524,75.05,121885.31702658503,75.74,148480.7725023048,92.26,129456.67960072952,80.44,121110.64148040718,75.25,3.95,3.18,10.2,16.6,56822.0,13698,Clearfield,Clearfield,8.6,8.6
16843,0,0,0,0,1,0,0,6,0,0,0,0,0,0,0,1,7,7,0.36,136702.74705422643,84.94,123303.86079764875,76.62,124363.42133695836,77.28,151985.80158504713,94.44,132218.04868907417,82.16,123656.5264569194,76.84,2.21,0.35,10.1,26.2,48221.0,179,Hyde,Clearfield,6.4,7.4
16838,0,0,2,0,1,0,0,2,0,0,0,0,0,0,0,3,6,6,2.29,127377.3181817602,79.15,112521.17952674036,69.92,113510.09916248308,70.53,142387.47910366522,88.48,121686.17044527776,75.61,112897.38464410162,70.15,11.02,1.37,2.6,18.6,57446.0,1820,Grampian,Clearfield,7.2,7.8
16825,0,0,0,0,0,0,0,0,0,0,0,0,0,0,0,0,0,0,0.34,147812.94266194754,91.85,135131.8977734988,83.97,136218.9926119745,84.64,163189.5385101495,101.4,143913.3231588369,89.42,135473.5156202231,84.18,5.87,0.33,0.0,0.0,59669.0,265,Bigler,Clearfield,3.4,9.0
16839,0,0,0,0,0,0,0,0,0,0,0,0,0,0,0,0,0,0,2.95,160245.45737699774,99.57,148839.91194266346,92.49,149972.1762517928,93.19,175714.21178272186,109.18,157352.4200932333,97.77,149160.48132941886,92.68,4.99,2.94,0.0,3.2,80069.0,437,Grassflat,Clearfield,0.0,8.4
16749,1,0,0,0,1,0,0,2,0,0,0,0,0,0,0,2,4,4,3.8,105498.83559420184,65.55,105633.91472975856,65.64,105553.84067136224,65.59,116102.6930765286,72.14,105664.59447632427,65.66,105717.1536239189,65.69,3.88,1.75,6.8,12.1,70114.0,3691,Smethport,Cameron,5.0,7.5
16745,0,0,0,0,0,0,0,0,0,0,0,0,0,0,0,0,0,0,1.76,99981.19010776082,62.13,104060.469489378,64.66,100056.28273483049,62.17,105124.92665884394,65.32,100154.73323035432,62.23,104060.4988267684,64.66,2.12,1.76,4.7,3.2,60313.0,685,Rixford,McKean,3.3,7.9
16347,1,0,0,0,1,0,0,4,0,0,0,0,0,0,0,2,7,7,4.15,55395.23109624496,34.42,51240.49373656547,31.84,52523.32249871018,32.64,70673.07920968928,43.91,55537.046046234966,34.51,51369.7262052452,31.92,4.16,4.13,3.9,11.6,51806.0,1538,Sheffield,Elk,3.0,7.8
16341,0,0,1,1,1,0,0,0,0,0,0,0,0,0,0,3,3,3,2.62,31297.269096701697,19.45,13586.506887412474,8.44,14644.083351398858,9.1,44677.49974669416,27.76,22751.106286439368,14.14,13948.320124015045,8.67,6.79,2.61,2.1,11.8,60260.0,1790,Pleasantville,Venango,6.0,7.3
16510,2,0,4,4,11,0,0,34,0,0,7,0,6,2,2,21,59,110,3.13,7926.129418644114,4.93,9124.749751982316,5.67,5325.55082868382,3.31,2474.4666553770544,1.54,2613.9652221993565,1.62,5386.873088312116,3.35,3.57,0.75,6.6,16.0,64938.0,25152,Erie Harborcreek,Erie,5.3,8.3
16504,0,0,2,7,10,0,0,15,1,1,8,0,6,0,3,19,38,76,0.08,171.35590905292392,0.11,1456.3096391201711,0.9,199.7336395751897,0.12,559.2829319268,0.35,2368.936325649386,1.47,1108.078733245552,0.69,0.65,0.07,7.9,14.8,51988.0,15632,Erie South East,Erie,7.8,8.3
16441,2,0,0,1,3,0,1,2,1,0,2,1,4,0,0,6,10,28,1.17,1514.3775830460788,0.94,15800.862363159466,9.82,598.6419389729306,0.37,1437.4840851110064,0.89,12966.296304013053,8.06,9910.721958761394,6.16,0.63,0.77,2.8,7.2,78367.0,9485,Waterford,Crawford,5.9,6.8
16859,0,0,0,0,0,0,0,0,0,0,0,0,0,0,0,0,0,0,7.9,162728.14187509895,101.11,152208.22260451168,94.58,153368.80084119612,95.3,178214.5178285923,110.74,160510.1052713754,99.74,152513.1423899837,94.77,9.95,6.32,10.9,11.7,56667.0,498,Moshannon,Clearfield,5.8,7.8
16443,0,0,0,0,1,0,0,1,0,0,0,0,0,0,0,1,2,6,0.67,15021.24010909853,9.33,31311.67999694571,19.46,10992.27646046571,6.83,10946.173517660534,6.8,10676.58596837686,6.63,10825.215213474095,6.73,6.68,0.66,4.5,25.8,75806.0,1170,West Springfield,Erie,1.4,7.6
16423,0,0,0,0,1,0,0,2,0,0,0,0,1,0,0,1,3,9,0.15,3057.748341343018,1.9,17235.730895020246,10.71,3061.9558148028605,1.9,2112.649904158561,1.31,14513.10402865814,9.02,3230.107950596778,2.01,1.93,0.16,6.7,9.5,73523.0,3880,Lowville/Wattsburg,Erie,3.4,8.1
16435,0,0,1,0,3,0,0,1,0,0,0,0,0,0,0,4,6,6,1.22,20806.045062505025,12.93,27933.60198346455,17.36,8129.456913979358,5.05,8269.416951293158,5.14,8105.199989959117,5.04,8048.850801932061,5.0,1.53,1.22,8.1,16.1,56400.0,1678,Springboro,Crawford,5.2,9.1
16438,1,0,0,1,4,0,0,6,0,0,0,1,8,1,0,6,12,32,0.09,12696.131918117058,7.89,28682.237327113267,17.82,13639.036565785933,8.47,662.0874760017067,0.41,250.67326357834395,0.16,22801.975700838128,14.17,2.14,0.09,8.1,13.7,60559.0,7489,Union City,Crawford,8.8,9.2
16505,5,0,0,0,12,0,0,15,1,2,15,1,7,0,5,17,36,89,1.09,2402.0059635974585,1.49,2002.6287224259495,1.24,1581.5222311477526,0.98,4400.368783746912,2.73,3974.295596223715,2.47,2082.0955764996074,1.29,1.66,1.01,6.0,9.2,71370.0,15631,Erie Frontier/West,Erie,5.5,5.6
16415,0,0,0,0,4,0,0,3,0,0,4,0,6,0,4,4,8,36,1.1,7226.616762077473,4.49,8226.820446383685,5.11,1567.3911857366795,0.97,4059.7031873129536,2.52,11889.92410651185,7.39,2185.906996995609,1.36,1.26,1.1,3.2,4.6,105604.0,10251,Fairview,Erie,5.1,4.4
16640,0,0,0,0,0,0,0,0,0,0,0,0,0,0,0,0,0,0,4.66,154293.08618139938,95.87,138825.67498798764,86.26,139685.12801764646,86.8,168241.31822880724,104.54,148232.28112547402,92.11,139232.41485043522,86.52,22.48,3.57,0.0,22.0,52500.0,942,Flinton,Clearfield,7.4,7.3
16444,0,0,0,0,0,0,0,0,0,0,0,1,0,0,0,0,0,2,0.59,927.2758117361686,0.58,22351.22507197681,13.89,865.9537459007449,0.54,42.797273548965904,0.03,532.2626743066126,0.33,2128.2498653758894,1.32,8.82,0.42,,,,1104,Edinboro,Erie,3.8,6.2
15853,1,0,1,1,3,0,0,7,0,0,0,0,0,0,0,6,13,13,3.15,88591.03483355418,55.05,78679.55524781955,48.89,79884.63353677525,49.64,104074.6555870271,64.67,86632.67366872572,53.83,78954.81914953014,49.06,3.87,3.15,7.6,11.7,60380.0,6330,Ridgway,Jefferson,4.5,7.4
15851,1,0,0,1,3,0,0,8,0,0,0,0,0,0,0,5,13,13,0.83,103639.44189093716,64.4,87867.21822220017,54.6,88814.67948031862,55.19,118370.91641690556,73.55,97141.1907314749,60.36,88255.01614773925,54.84,0.69,0.79,9.4,17.9,60842.0,7227,Reynoldsville,Clearfield,5.3,9.2
16020,0,0,0,0,0,0,0,0,0,0,0,0,0,0,0,0,0,0,5.56,47381.38683476396,29.44,60224.58088640342,37.42,59762.53912837789,37.13,61839.49412164381,38.43,61230.54890601744,38.05,51250.65219785277,31.85,19.01,5.56,3.0,6.0,85625.0,1179,Boyers,Venango,5.8,7.4
15829,0,0,0,0,0,0,0,1,0,0,0,0,0,0,0,0,1,1,1.44,81971.14367325694,50.93,65340.22734191134,40.6,66138.7124271442,41.1,95279.89382729917,59.2,74797.89637067846,46.48,65758.18680922735,40.86,5.04,0.78,3.8,10.5,66719.0,1313,Corsica,Jefferson,3.5,7.6
16734,0,0,0,0,0,0,0,0,0,0,0,0,0,0,0,0,0,0,2.78,73790.32641014099,45.85,69652.30861043646,43.28,70934.79589350855,44.08,88922.36968025984,55.25,73937.09104471248,45.94,69802.90512098004,43.37,3.54,2.75,1.4,2.8,64028.0,176,James City,Elk,6.8,7.4
15834,7,0,0,0,2,0,0,5,0,0,0,0,0,0,0,9,15,15,2.64,122364.06699695544,76.03,117683.73185614072,73.13,118958.04444908978,73.92,137361.19883224758,85.35,122513.78805578632,76.13,117869.49890479354,73.24,1.95,1.14,13.6,16.5,47880.0,4086,Emporium,Elk,9.6,8.1
15772,0,0,0,0,0,0,0,0,0,0,0,0,0,0,0,0,0,0,3.57,120877.248915901,75.11,106731.37905389669,66.32,107515.38834197028,66.81,134913.75382997523,83.83,116193.07261130464,72.2,107150.99282483148,66.58,5.81,3.57,10.8,13.2,54500.0,1544,Rossiter,Jefferson,5.3,10.8
15770,0,0,0,2,0,0,0,1,0,0,0,0,0,0,0,2,3,3,0.6,95475.3327866777,59.33,83303.43952851031,51.76,83975.4891442463,52.18,109647.41448630318,68.13,92753.10647059616,57.63,83736.63623470337,52.03,6.9,0.61,1.2,17.7,44688.0,192,Ringgold,Jefferson,0.0,8.2
15821,0,0,0,0,0,0,0,1,0,0,0,0,0,0,0,0,1,1,8.77,121809.54056577444,75.69,113998.35534435112,70.84,115233.8878450353,71.6,137204.34709259676,85.26,121483.57901215686,75.49,114245.04774467656,70.99,10.33,3.21,0.0,0.0,48750.0,64,Benezett,Elk,14.7,6.4
15831,0,0,0,0,0,0,0,0,0,0,0,0,0,0,0,0,0,0,0.91,104367.70324929438,64.85,95065.05510492036,59.07,96276.15348196543,59.82,119849.07595986956,74.47,102918.57857459287,63.95,95335.08899395209,59.24,5.56,0.67,0.0,0.0,,56,Dagus Mines,Elk,0.0,
16350,0,0,2,1,2,0,0,1,0,0,0,0,0,0,0,5,6,6,0.71,33255.36041367838,20.66,46623.827193904,28.97,33362.035463060405,20.73,37567.936371698845,23.34,33426.89458226009,20.77,46380.28318165855,28.82,1.58,0.71,8.6,23.9,67813.0,2486,Sugar Grove,Warren,2.3,8.5
16340,0,0,0,0,0,0,0,1,0,0,0,0,0,0,0,0,1,1,1.87,22594.23602238006,14.04,28488.3540934426,17.7,22642.474124269364,14.07,37269.68084157359,23.16,22756.28775401388,14.14,28327.27118260513,17.6,6.26,1.87,4.0,12.8,57813.0,1849,Pittsfield,Warren,5.7,7.5
16436,0,0,0,0,0,0,0,0,0,0,0,0,0,0,0,0,0,0,3.89,16022.51761469546,9.96,28868.57090665875,17.94,16107.621074739802,10.01,29228.138819788208,18.16,16197.814355915829,10.06,28583.21458249916,17.76,8.71,3.89,5.5,18.1,44205.0,824,Spring Creek,Warren,7.4,7.8
16354,3,0,2,2,8,0,0,6,0,1,1,0,11,0,1,15,25,48,1.72,23334.58024361502,14.5,3059.86655332444,1.9,2296.2961917895914,1.43,33418.33117688393,20.77,10348.66768691005,6.43,3274.6707490408035,2.03,1.97,1.42,14.1,18.0,45642.0,10120,Titusville,Venango,7.1,8.4
16317,0,0,0,0,0,0,0,3,0,0,0,0,2,0,0,0,3,10,3.28,16777.21798783436,10.42,18282.35390748183,11.36,17279.896964510703,10.74,27504.88514158338,17.09,20921.705818490103,13.0,17260.446455319394,10.73,8.53,0.17,6.2,10.6,55956.0,1335,Cooperstown,Venango,15.8,7.4
16342,0,0,1,0,1,0,0,0,0,0,0,0,0,0,0,2,2,2,3.25,25174.67688114861,15.64,40044.202709740886,24.88,38285.502886326496,23.79,40000.798213086695,24.86,39563.87361528685,24.58,28899.907073990787,17.96,7.31,3.26,5.9,16.1,62227.0,2185,Polk,Venango,4.3,7.8
16255,0,0,2,0,2,0,0,4,0,0,0,0,0,0,0,4,8,8,1.29,66119.32085641442,41.08,59024.87008824507,36.68,59410.66085529769,36.92,80598.49127953697,50.08,68086.19335805876,42.31,59470.05661862414,36.95,5.84,1.29,12.7,13.5,65357.0,1956,Sligo,Clarion,4.7,8.5
16346,0,0,0,0,1,0,0,4,0,0,0,0,0,0,0,1,6,6,2.6,35805.789829146954,22.25,28353.90803603727,17.62,28395.91166695222,17.64,49272.024227231705,30.62,36554.35982526706,22.71,28779.457014042597,17.88,1.53,1.59,3.5,12.1,68804.0,3246,Seneca,Venango,6.9,7.2
16344,0,0,0,0,0,0,0,1,0,0,0,0,0,0,0,0,1,1,2.03,31470.05362102467,19.55,18135.50438025658,11.27,18142.616311920206,11.27,43166.8415261771,26.82,26337.498778373567,16.37,18555.73615408882,11.53,2.79,0.36,1.2,21.5,56250.0,470,Rouseville,Venango,9.3,7.1
16343,0,0,0,0,0,0,0,0,0,0,0,0,0,0,0,0,1,1,2.2,27701.288921721683,17.21,24271.12818558561,15.08,23969.729413236157,14.89,41047.075676732704,25.51,31199.807579760487,19.39,24646.233481072937,15.31,2.32,0.9,0.0,20.5,85139.0,616,Reno,Venango,14.9,7.9
16371,1,0,0,0,3,0,0,3,0,0,0,0,0,0,0,4,7,7,1.08,30977.52315894276,19.25,39697.05292620106,24.67,31056.507416600027,19.3,43941.81611642414,27.3,31151.93366983924,19.36,39528.69342120146,24.56,1.03,1.08,12.8,11.2,55075.0,3165,Youngsville,Warren,8.4,7.2
16329,0,0,0,0,0,0,0,0,0,0,0,0,0,0,0,0,0,0,3.6,34153.59902299379,21.22,38625.04978687009,24.0,34209.75931868175,21.26,48367.763219077,30.05,34319.90160775371,21.33,38539.08243930421,23.95,3.93,3.64,10.2,1.1,68333.0,456,Irvine,Warren,6.2,6.4
16248,0,1,0,0,1,0,0,2,0,0,0,0,0,0,0,2,5,5,0.5,71495.73136829147,44.43,68202.36762593169,42.38,68479.13003504767,42.55,86304.20392765653,53.63,76999.87969264334,47.85,68645.27769906278,42.65,0.4,0.49,6.0,13.6,62425.0,3177,Rimersburg,Clarion,4.1,9.2
16433,1,0,0,0,1,0,0,2,0,0,2,1,12,0,0,2,5,29,1.01,10537.17516535804,6.55,10402.331409482364,6.46,1875.250281749114,1.17,1734.3252416398689,1.08,8090.405825652813,5.03,5727.442206375391,3.56,6.22,1.01,7.0,8.5,73289.0,4935,Saegertown,Crawford,2.9,6.7
17778,0,0,0,0,0,0,0,0,0,0,0,0,0,0,0,0,0,0,9.59,155684.95543425196,96.74,148438.0706963336,92.24,149676.80150198267,93.01,170987.87364935418,106.25,155824.15983589634,96.82,148680.98587544146,92.39,20.87,9.57,7.9,5.5,48750.0,73,Westport,Clearfield,0.0,8.0
16331,0,0,1,0,0,0,0,0,0,0,0,0,0,0,0,1,1,1,0.63,48572.67366938856,30.18,39323.20190391407,24.43,39644.97944393032,24.63,62419.01459185757,38.79,48261.014345796,29.99,39767.26410117144,24.71,7.12,0.61,5.4,10.9,,147,Kossuth,Clarion,0.0,6.5
16645,0,0,1,0,0,0,0,2,0,0,0,0,0,0,0,1,3,3,0.29,150944.60497337018,93.79,135392.0039115571,84.13,136329.2137508505,84.71,165809.69789179778,103.03,144677.6869931983,89.9,135781.8931618278,84.37,15.96,0.29,2.2,6.6,67813.0,212,Glen Hope,Clearfield,0.0,8.8
15757,0,0,0,1,2,0,0,4,0,0,0,0,0,0,0,3,7,7,0.6,130690.98171308356,81.21,114264.29266466496,71.0,115149.77346852898,71.55,144689.55872181375,89.91,123640.57640082986,76.83,114666.0232269137,71.25,12.32,0.6,1.2,13.7,51328.0,1200,Mahaffey,Clearfield,1.4,9.1
16855,0,0,0,0,0,0,0,0,0,0,0,0,0,0,0,0,0,0,2.48,143894.51471047773,89.41,131040.93515362356,81.43,132122.03834889331,82.1,159250.556596281,98.95,139853.6916980788,86.9,131385.07119087628,81.64,3.42,0.77,30.8,13.3,,75,Mineral Springs,Clearfield,26.7,9.0
16725,0,0,0,0,1,0,0,1,0,0,0,0,0,0,0,1,2,2,0.73,85422.72587033671,53.08,89512.65815398005,55.62,85496.08780983066,53.12,91966.4401014676,57.15,85595.8008543753,53.19,89505.18984739779,55.62,3.98,0.72,0.0,0.0,88393.0,140,Custer City,McKean,0.0,7.0
16744,0,0,0,0,0,0,0,0,0,0,0,0,0,0,0,0,0,0,4.72,92995.18966018532,57.78,96170.64305066023,59.76,93064.85633772508,57.83,100157.88637756086,62.24,93167.12945860026,57.89,96186.04271126771,59.77,6.97,4.73,15.9,20.2,89500.0,183,Rew,McKean,13.5,7.3
16239,0,0,0,0,2,0,0,4,0,0,0,0,0,0,0,2,7,7,1.96,59099.98602841856,36.72,48395.21694488784,30.07,49610.17448391281,30.83,74501.69547967886,46.29,56336.45750399825,35.01,48663.332557049216,30.24,1.65,1.51,4.5,11.2,50218.0,3988,Marienville,Elk,2.1,16.2
16863,0,0,0,0,0,0,0,0,0,0,0,0,0,0,0,0,0,0,5.18,143564.174474467,89.21,129118.58688381626,80.23,130123.41745115734,80.86,158680.1157710254,98.6,138232.04119150253,85.89,129489.86943654978,80.46,8.38,4.83,4.2,12.0,65500.0,566,Olanta,Clearfield,4.5,8.3
16821,0,0,0,0,0,0,0,0,0,0,0,0,0,0,0,0,0,0,1.37,157274.29001178677,97.73,144931.66981512998,90.06,146029.78328724002,90.74,172686.56543503574,107.3,153651.73905721327,95.48,145268.4819763076,90.27,1.34,1.27,0.0,0.0,101700.0,187,Allport,Clearfield,0.0,8.6
16726,0,0,0,0,0,0,0,0,0,0,0,0,0,0,0,0,0,0,6.24,92196.70821601171,57.29,93632.49237424122,58.18,92257.0991411325,57.33,102003.4732624792,63.38,92365.02556144223,57.39,93683.05316348896,58.21,6.33,6.24,0.0,20.5,73382.0,697,Cyclone,McKean,3.1,7.4
16351,0,1,2,1,2,0,0,2,0,0,0,0,0,0,0,6,8,8,2.05,30915.70585622851,19.21,25991.058339701605,16.15,27256.20505335254,16.94,46401.000368244255,28.83,31034.243926056413,19.28,26056.674681102028,16.19,12.5,2.06,11.5,11.2,50625.0,1552,Tidioute,Forest,4.3,7.2
16370,0,0,0,0,0,0,0,0,0,0,0,0,0,0,0,0,0,0,2.6,34936.263281101456,21.71,20746.85979647057,12.89,21943.000250287845,13.63,49497.45810973319,30.76,29142.184193342586,18.11,21033.84440651185,13.07,5.13,2.6,7.4,22.4,35179.0,327,West Hickory,Forest,0.0,7.7
16260,0,0,0,0,0,0,0,0,0,0,0,0,0,0,0,0,0,0,4.65,59608.33245656317,37.04,44894.98739612439,27.9,45965.42380327047,28.56,74428.8462511732,46.25,53840.627605971,33.46,45245.37355506019,28.11,6.97,3.58,3.8,3.5,50104.0,284,Vowinckel,Clarion,3.1,7.1
16720,0,0,0,0,0,0,0,0,0,0,0,0,0,0,0,0,0,0,11.12,140942.71791320495,87.58,138008.6893727197,85.75,139290.48692507815,86.55,154030.7336973107,95.71,141100.39330413283,87.68,138164.5635297474,85.85,11.64,11.12,9.7,10.3,50938.0,1196,Austin,Cameron,8.4,7.5
15828,0,0,0,0,0,0,0,0,0,0,0,0,0,0,0,0,0,0,7.62,69654.10397532112,43.28,54995.19907860712,34.17,56047.8039098482,34.83,84551.67527475419,52.54,63990.57654697108,39.76,55351.78852567676,34.39,8.37,3.86,15.3,12.2,35938.0,287,Clarington,Jefferson,1.0,8.3
16322,0,0,0,0,0,0,0,0,0,0,0,0,0,0,0,0,0,0,1.85,35005.31237511028,21.75,24823.13377953407,15.42,26095.06154872812,16.21,50235.1767561839,31.21,32021.401405857152,19.9,25018.56190974964,15.55,8.7,1.85,6.0,43.6,23500.0,117,Endeavor,Forest,6.0,8.2
16217,0,0,0,0,0,0,0,3,0,0,0,0,0,0,0,0,3,3,6.52,67585.57304319435,42.0,52294.824515091415,32.49,53316.38406292092,33.13,82318.02500198763,51.15,61400.78653984216,38.15,52662.2536798886,32.72,8.96,1.87,0.0,4.6,54219.0,87,Cooksburg,Jefferson,0.0,8.7
16503,5,0,15,26,15,0,0,29,1,0,3,0,4,1,3,61,97,140,0.24,936.11048653452,0.58,2242.941203318004,1.39,1077.0390291347348,0.67,2253.9606638862333,1.4,1335.597542447842,0.83,1169.0040500392738,0.73,0.42,0.25,30.0,39.7,29108.0,15204,Erie East,Erie,12.4,18.4
16127,0,0,0,0,0,0,0,0,0,0,0,0,0,0,0,0,0,0,5.16,39127.252162175086,24.31,52291.685526492016,32.49,49548.47966003818,30.79,52105.07128792,32.38,51238.3486737642,31.84,43087.58635304047,26.77,19.72,5.15,6.3,9.3,69842.0,15295,Grove City,Venango,3.4,6.7
16546,0,0,0,0,0,0,0,0,0,0,2,1,4,0,0,0,0,8,0.37,549.6311794466936,0.34,862.5682874951444,0.54,193.29561173662677,0.12,202.28419829836,0.13,2188.577733635643,1.36,889.4405210480334,0.55,1.0,0.37,,,,1138,Erie,Erie,6.1,6.6
16686,0,0,0,0,0,0,0,0,0,0,0,0,0,0,0,0,0,0,11.97,176385.5222755468,109.6,161330.19875229598,100.25,162290.61889370403,100.84,191398.21003855605,118.93,170560.86756154988,105.98,161714.01354694096,100.48,15.55,11.98,7.9,10.7,65641.0,13000,Tyrone,Clearfield,4.9,7.4
16646,0,0,0,0,0,0,0,0,0,0,0,0,0,0,0,0,0,0,9.71,146277.3531699905,90.89,133020.91349112548,82.66,133799.62855957917,83.14,160529.6820672938,99.75,142483.94617056442,88.54,133441.1394075214,82.92,22.15,5.27,6.0,5.9,61929.0,2124,Hastings,Clearfield,3.6,7.3
16427,0,0,0,0,0,0,0,0,0,0,0,0,1,0,0,0,0,2,1.75,7530.421684830178,4.68,24241.71762578249,15.06,8601.313266267689,5.34,7604.682605945536,4.73,10677.204326204292,6.63,12614.331359969348,7.84,4.93,1.76,2.3,10.1,58636.0,228,Mill Village,Erie,4.2,7.3
15847,0,0,0,0,0,0,0,0,0,0,0,0,0,0,0,0,0,0,5.29,98702.0808420396,61.33,81608.35593416284,50.71,82462.3101503628,51.24,112087.92870668406,69.65,91025.56026466704,56.56,82016.64151048743,50.96,6.18,5.31,0.0,0.0,84583.0,80,Knox Dale,Jefferson,0.0,7.4
16563,0,0,0,0,0,0,0,0,0,0,0,1,0,0,0,0,0,2,1.48,5368.357094969468,3.34,6644.102566602006,4.13,2694.118090302962,1.67,418.25784140523456,0.26,729.0132569695586,0.45,2859.503372718837,1.78,1.97,0.66,,,,1561,Erie Penn State Behrend,Erie,7.6,7.1
15724,0,0,0,0,0,0,0,1,0,0,0,0,0,0,0,0,1,1,6.19,135953.39683187284,84.48,123224.41727465442,76.57,123975.7768769457,77.04,150243.5905321787,93.36,132692.90564263784,82.45,123648.4546760433,76.83,16.26,1.0,5.7,9.6,65625.0,2069,Cherry Tree,Clearfield,4.0,8.4
16038,0,0,0,0,1,0,0,2,0,0,0,0,0,0,0,1,3,3,2.8,41631.24760629633,25.87,55965.05823141707,34.78,53664.62969253961,33.35,55848.64586563839,34.7,55183.353386840354,34.29,45554.20605075375,28.31,17.51,2.81,5.2,6.8,74868.0,3213,Harrisville,Venango,5.0,7.8
16373,1,0,0,1,1,0,0,3,0,0,0,0,0,0,0,3,6,6,2.25,46221.19092782829,28.72,47317.062074278525,29.4,47279.28397824265,29.38,61042.85934125766,37.93,55129.1024146952,34.26,47734.95069079185,29.66,8.1,2.17,9.5,14.2,65529.0,3217,Emlenton,Clarion,2.2,7.7
15823,0,0,0,0,1,0,0,0,0,0,0,0,0,0,0,1,1,1,1.09,102920.09983514994,63.95,91108.06204723104,56.61,92248.09039491678,57.32,118333.29511508525,73.53,99607.39979784364,61.89,91425.16664017543,56.81,9.09,1.09,4.9,10.6,62695.0,1289,Brockport,Clearfield,4.0,6.8
16240,0,0,0,0,1,0,0,2,0,0,0,0,0,0,0,1,4,4,2.64,88456.91256672263,54.96,76821.77159644113,47.73,77457.3291470532,48.13,102646.40534718592,63.78,86247.69427145469,53.59,77258.1887995557,48.01,3.64,1.79,3.4,12.0,59722.0,1436,Mayport,Jefferson,0.9,8.5
16259,0,0,0,0,0,0,0,0,0,0,0,0,0,0,0,0,0,0,6.39,83261.25857828082,51.74,80671.33399745428,50.13,80965.94111905829,50.31,98142.43559186684,60.98,89508.0245039553,55.62,81114.9007291289,50.4,8.16,6.39,4.4,9.7,60326.0,2111,Templeton,Clarion,5.0,8.0
16224,0,0,0,0,0,0,0,0,0,0,0,0,0,0,0,0,1,1,2.81,81909.13809168272,50.9,71175.32520267858,44.23,71758.88903307861,44.59,96155.70916713034,59.75,80553.02327201447,50.05,71615.3866161314,44.5,3.58,2.43,6.9,9.2,77853.0,827,Fairmount City,Clarion,2.9,8.4
15715,0,0,0,1,2,0,0,2,0,0,0,0,0,0,0,3,5,5,0.22,116384.18128103964,72.32,99778.04200335096,62.0,100641.54684727322,62.54,129982.95650094388,80.77,109183.11344341347,67.84,100184.2947741903,62.25,4.83,0.21,2.2,20.8,54722.0,498,Big Run,Jefferson,2.7,11.5
15778,0,0,0,0,0,0,0,0,0,0,0,0,0,0,0,0,0,0,1.98,94773.52512773228,58.89,84246.06757885536,52.35,84857.44037913624,52.73,109143.39680332976,67.82,93651.66333606667,58.19,84684.23333491966,52.62,5.55,1.97,7.7,8.2,85417.0,364,Timblin,Jefferson,1.7,8.6
15781,0,0,0,0,0,0,0,0,0,0,0,0,0,0,0,0,0,0,1.41,109068.2302869454,67.77,94358.25345277504,58.63,95145.74472069586,59.12,122955.5881067556,76.4,103819.00043366155,64.51,94777.4594962802,58.89,1.89,0.91,0.0,0.0,43750.0,76,Walston,Jefferson,0.0,7.1
16365,4,0,0,0,10,0,0,11,0,0,0,0,0,0,0,14,28,28,0.47,44385.94325318517,27.58,49400.7439903793,30.7,44452.78928958342,27.62,57401.369364320126,35.67,44556.87772939245,27.69,49330.9619110288,30.65,0.41,0.36,6.1,11.2,57694.0,17303,Warren,McKean,3.0,7.0
16230,0,0,0,0,0,0,0,0,0,0,0,0,0,0,0,0,0,0,2.75,85843.98170725616,53.34,75898.34682961038,47.16,76465.50891736611,47.51,100216.7582944332,62.27,85257.3734082196,52.98,76339.30026322827,47.44,0.81,1.69,6.2,7.8,46696.0,485,Hawthorn,Clarion,9.0,8.2
16232,1,0,1,0,1,0,0,6,0,0,0,0,0,0,0,3,11,11,1.2,54061.399814865305,33.59,47012.657409047526,29.21,47314.50417137014,29.4,68349.45928301227,42.47,55893.43798949519,34.73,47456.241861123264,29.49,2.31,0.65,8.0,11.6,58583.0,4091,Knox,Clarion,4.8,7.8
16319,1,0,0,0,1,0,0,5,0,0,0,0,0,0,0,2,9,9,3.36,42118.12987199533,26.17,34918.233195739034,21.7,35082.679280556295,21.8,56006.379090521055,34.8,43459.66456902788,27.0,35354.65413167649,21.97,5.46,3.36,1.9,5.5,62679.0,1050,Cranberry,Clarion,0.0,7.2
16360,0,0,0,1,1,0,0,1,0,0,0,0,4,0,0,2,3,10,1.13,21851.70241380569,13.58,18308.619754449577,11.38,17089.818011435716,10.62,19435.02433999441,12.08,12217.979113064112,7.59,18054.38924537441,11.22,11.83,0.85,3.3,18.4,70833.0,1328,Townville,Crawford,2.6,8.3
16364,0,0,0,1,0,0,0,0,0,0,0,0,0,0,0,1,1,1,1.42,48473.20884188486,30.12,32982.229424177975,20.49,33526.01438425785,20.83,61207.63416766682,38.03,42315.90157084429,26.29,33424.858508918514,20.77,9.34,1.42,4.6,9.7,76953.0,1278,Venus,Clarion,1.2,7.3
16406,0,1,0,2,2,0,0,1,0,0,0,0,4,0,0,5,6,15,0.05,21443.687950217307,13.32,21723.528757252527,13.5,15569.154999972974,9.67,15708.06507169935,9.76,15616.069073896131,9.7,15532.695176325811,9.65,3.45,0.06,8.4,14.0,65559.0,3412,Conneautville,Crawford,5.4,8.8
15868,0,1,0,0,1,0,0,1,0,0,0,0,0,0,0,2,3,3,4.69,120901.43494298388,75.12,111788.99790811658,69.46,112998.26941985967,70.21,136370.68328672845,84.74,119642.33476552114,74.34,112060.33760434623,69.63,10.69,2.05,1.8,11.0,61042.0,1596,Weedville,Clearfield,4.6,7.0
15763,0,0,0,0,0,0,0,0,0,0,0,0,0,0,0,0,0,0,4.47,103685.26740839751,64.43,92992.04032269747,57.78,93627.91263549808,58.18,118087.29560785044,73.38,102418.4536944792,63.64,93428.31263839932,58.05,9.06,4.45,0.0,0.0,,22,Northpoint,Jefferson,0.0,
15733,0,0,0,0,0,0,0,0,0,0,0,0,0,0,0,0,0,0,2.88,109429.82503066029,68.0,93731.98899770612,58.24,94554.60400956584,58.75,123152.99119997089,76.52,103174.20966844812,64.11,94145.65685924837,58.5,2.98,1.95,45.9,12.7,,71,De Lancey,Jefferson,0.0,7.4
16345,0,0,0,1,1,0,0,0,0,0,0,0,0,0,0,2,2,2,3.18,52675.54137743989,32.73,61344.79135889668,38.12,52765.44443497391,32.79,57624.39008535359,35.81,52851.0635570617,32.84,61217.570883674285,38.04,8.27,3.18,2.9,6.3,94722.0,3602,Russell,Warren,7.2,6.1
16312,0,0,0,0,0,0,0,0,0,0,0,0,0,0,0,0,0,0,3.32,34045.7353498669,21.16,45582.83212020498,28.32,34143.1684331855,21.22,41375.54398937042,25.71,34220.53623585228,21.26,45373.37399949222,28.19,4.04,3.31,,,,0,Chandlers Valley,Warren,,
16326,0,0,1,1,1,0,0,1,0,0,0,0,0,0,0,3,4,4,0.68,54867.264262746896,34.09,36113.76917050442,22.44,36854.71898127067,22.9,67141.58966067624,41.72,45582.213660808375,28.32,36540.613082653166,22.71,8.68,0.69,2.2,5.4,83365.0,316,Fryburg,Clarion,0.0,8.2
16314,0,1,1,0,1,0,0,2,1,0,0,0,12,0,1,3,5,28,0.9,1458.2545268393887,0.91,15106.572063444468,9.39,13484.844269210167,8.38,15056.28694267951,9.36,14646.04103603036,9.1,4912.14497527205,3.05,9.1,0.9,3.9,8.1,70021.0,5439,Cochranton,Venango,5.4,7.5
16327,0,0,0,0,0,0,0,2,0,0,0,0,4,0,0,0,2,13,5.3,14155.344487166867,8.8,15601.549134918429,9.69,14795.460727817492,9.19,15671.324801861329,9.74,15538.29309238734,9.66,11212.84978227814,6.97,9.58,0.28,4.5,9.1,70893.0,2544,Guys Mills,Venango,1.4,7.5
16131,0,0,0,0,1,0,0,0,0,0,0,0,0,0,0,1,1,3,0.28,20992.637996967147,13.04,21796.03262417735,13.54,12982.350000589571,8.07,21369.09869588352,13.28,20067.78387627049,12.47,20966.006214198947,13.03,7.54,0.29,5.8,15.3,62989.0,784,Hartstown,Crawford,6.3,9.4
16110,0,0,0,1,0,0,0,0,0,0,0,0,0,0,0,1,1,2,1.27,24840.283429280928,15.44,25648.012715440236,15.94,17376.026728264056,10.8,25221.578180976423,15.67,23856.263013004216,14.82,24825.540283909755,15.43,10.84,1.27,14.5,3.4,82938.0,380,Adamsville,Crawford,0.0,8.9
16233,0,1,0,0,1,0,0,3,0,0,0,0,0,0,0,2,5,5,1.55,61782.105872579625,38.39,45288.84917083937,28.14,46245.2166913652,28.74,76114.71757035726,47.3,54569.12304644337,33.91,45675.6187364938,28.38,10.96,1.32,2.1,1.9,89787.0,1148,Leeper,Jefferson,0.7,6.9
16692,0,0,0,0,0,0,0,2,0,0,0,0,0,0,0,0,2,2,4.49,140631.88844530625,87.38,126112.38849227114,78.36,126929.51020639758,78.87,154688.0956976701,96.12,135556.82645850032,84.23,126526.7131628734,78.62,17.94,2.65,10.8,13.2,70893.0,912,Westover,Clearfield,10.9,9.6
16861,0,0,0,0,0,0,0,0,0,0,0,0,0,0,0,0,0,0,4.93,144333.36030095743,89.68,129185.2849603804,80.27,130149.91291910934,80.87,159295.97832411007,98.98,138410.32200932552,86.0,129568.16129444414,80.51,12.07,4.92,13.2,27.7,21985.0,274,New Millport,Clearfield,9.4,9.1
16361,0,0,0,0,0,0,0,0,0,0,0,0,0,0,0,0,0,0,2.25,56547.67401768423,35.14,39393.31311846215,24.48,40313.473062580975,25.05,70596.06010009791,43.87,48743.52117808849,30.29,39789.29237225226,24.72,9.41,2.26,0.0,0.0,88750.0,38,Tylersburg,Clarion,0.0,8.4
15849,0,0,0,0,1,0,0,1,0,0,0,0,0,0,0,1,2,2,2.28,118608.61380794496,73.7,106716.29635619928,66.31,107845.18605483702,67.01,134031.02948321012,83.28,115274.97739968,71.63,107038.95550517103,66.51,11.03,2.26,4.9,14.6,59412.0,1285,Penfield,Clearfield,3.2,8.8
15721,0,0,0,0,0,0,0,1,0,0,0,0,0,0,0,0,1,1,1.0,132037.078547917,82.04,117292.93454622437,72.88,118109.84247183992,73.39,146028.27656347555,90.74,126737.83211891846,78.75,117707.35016756615,73.14,12.5,0.03,30.1,36.5,43750.0,167,Burnside,Clearfield,30.0,9.3
16054,0,0,0,0,0,0,0,0,0,0,0,0,0,0,0,0,0,0,3.06,52804.74900639666,32.81,53023.118455856886,32.95,53071.054510676746,32.98,67650.94903436386,42.04,61133.79427785562,37.99,53450.4616736563,33.21,6.27,3.02,0.7,5.9,70250.0,358,Saint Petersburg,Clarion,9.7,8.7
