geoid,county,year,NAME,total_households,under_10k,10k_15k,15k_20k,20k_25k,25k_30k,30k_35k,35k_40k,40k_45k,45k_50k,50k_60k,60k_75k,75k_100k,100k_125k,125k_150k,150k_200k,200k_plus
42039110100,Crawford,2019,"Census Tract 1101, Crawford County, Pennsylvania",2087,131,109,104,139,174,136,135,131,91,204,240,253,118,39,42,41
42039110100,Crawford,2020,"Census Tract 1101, Crawford County, Pennsylvania",2064,157,97,130,146,145,137,81,118,90,206,280,220,134,42,41,40
42039110100,Crawford,2021,"Census Tract 1101, Crawford County, Pennsylvania",1972,144,80,114,128,140,85,109,90,109,198,268,217,122,80,49,39
42039110100,Crawford,2022,Census Tract 1101; Crawford County; Pennsylvania,2011,131,80,95,132,115,123,102,80,88,148,287,283,141,99,70,37
42039110100,Crawford,2023,Census Tract 1101; Crawford County; Pennsylvania,2068,87,115,82,87,142,135,109,87,70,159,291,312,126,136,83,47
42039110201,Crawford,2019,"Census Tract 1102.01, Crawford County, Pennsylvania",1556,39,43,72,53,74,86,97,68,66,155,181,272,164,69,56,61
42039110201,Crawford,2020,"Census Tract 1102.01, Crawford County, Pennsylvania",1542,21,53,59,70,69,86,95,76,48,160,184,240,152,77,98,54
42039110201,Crawford,2021,"Census Tract 1102.01, Crawford County, Pennsylvania",1440,19,39,40,80,61,74,63,83,50,120,187,227,155,90,105,47
42039110201,Crawford,2022,Census Tract 1102.01; Crawford County; Pennsylvania,1443,23,26,47,53,85,88,16,90,70,90,187,232,168,83,143,42
42039110201,Crawford,2023,Census Tract 1102.01; Crawford County; Pennsylvania,1456,33,34,45,50,84,78,35,55,73,84,161,239,176,104,160,45
42039110202,Crawford,2019,"Census Tract 1102.02, Crawford County, Pennsylvania",1521,107,97,59,106,61,67,115,87,51,154,136,202,161,35,54,29
42039110202,Crawford,2020,"Census Tract 1102.02, Crawford County, Pennsylvania",1560,94,120,74,67,84,61,113,71,51,154,192,157,176,50,48,48
42039110202,Crawford,2021,"Census Tract 1102.02, Crawford County, Pennsylvania",1345,81,118,78,58,70,52,51,58,34,49,212,161,141,73,60,49
42039110202,Crawford,2022,Census Tract 1102.02; Crawford County; Pennsylvania,1340,57,113,93,42,56,48,45,70,41,72,185,169,108,120,59,62
42039110202,Crawford,2023,Census Tract 1102.02; Crawford County; Pennsylvania,1369,60,88,109,23,68,49,50,59,58,59,171,203,120,120,69,63
42039110300,Crawford,2019,"Census Tract 1103, Crawford County, Pennsylvania",1685,81,89,138,72,89,52,92,124,83,183,205,254,111,43,52,17
42039110300,Crawford,2020,"Census Tract 1103, Crawford County, Pennsylvania",1742,83,99,124,113,85,45,89,129,78,238,202,240,117,36,48,16
42039110300,Crawford,2021,"Census Tract 1103, Crawford County, Pennsylvania",1684,60,72,136,121,41,52,66,121,84,210,205,253,130,41,62,30
42039110300,Crawford,2022,Census Tract 1103; Crawford County; Pennsylvania,1717,65,88,116,120,68,50,39,86,119,168,204,289,149,44,55,57
42039110300,Crawford,2023,Census Tract 1103; Crawford County; Pennsylvania,1741,82,90,117,111,92,40,41,45,127,171,206,256,174,61,50,78
42039110400,Crawford,2019,"Census Tract 1104, Crawford County, Pennsylvania",1224,87,95,75,108,77,86,74,25,45,84,135,153,65,37,43,35
42039110400,Crawford,2020,"Census Tract 1104, Crawford County, Pennsylvania",1186,67,83,55,91,74,117,48,23,56,96,147,161,53,27,41,47
42039110400,Crawford,2021,"Census Tract 1104, Crawford County, Pennsylvania",1110,68,82,43,81,47,88,71,44,52,71,147,120,83,32,39,42
42039110400,Crawford,2022,Census Tract 1104; Crawford County; Pennsylvania,1095,47,46,73,74,61,93,61,55,25,97,141,136,41,54,52,39
42039110400,Crawford,2023,Census Tract 1104; Crawford County; Pennsylvania,1111,47,45,52,81,57,46,55,51,39,108,154,134,95,45,61,41
42039110501,Crawford,2019,"Census Tract 1105.01, Crawford County, Pennsylvania",772,38,14,28,44,25,40,19,28,21,79,135,121,57,56,30,37
42039110501,Crawford,2020,"Census Tract 1105.01, Crawford County, Pennsylvania",800,38,21,39,45,43,20,22,33,20,89,111,198,48,38,10,25
42039110501,Crawford,2021,"Census Tract 1105.01, Crawford County, Pennsylvania",749,16,15,42,21,26,21,13,55,33,83,89,155,98,31,28,23
42039110501,Crawford,2022,Census Tract 1105.01; Crawford County; Pennsylvania,749,6,28,31,15,25,40,24,26,45,71,93,161,89,57,19,19
42039110501,Crawford,2023,Census Tract 1105.01; Crawford County; Pennsylvania,761,13,29,5,27,44,49,41,24,50,66,103,133,80,64,21,12
42039110502,Crawford,2019,"Census Tract 1105.02, Crawford County, Pennsylvania",1725,127,45,62,94,87,93,42,78,55,182,166,285,188,78,96,47
42039110502,Crawford,2020,"Census Tract 1105.02, Crawford County, Pennsylvania",1555,110,28,80,129,57,78,61,72,26,169,194,244,138,73,60,36
42039110502,Crawford,2021,"Census Tract 1105.02, Crawford County, Pennsylvania",1389,111,23,66,96,73,56,59,63,37,101,206,264,97,45,56,36
42039110502,Crawford,2022,Census Tract 1105.02; Crawford County; Pennsylvania,1414,94,57,54,60,76,94,38,58,49,131,116,260,120,56,51,100
42039110502,Crawford,2023,Census Tract 1105.02; Crawford County; Pennsylvania,1434,77,38,83,72,88,66,53,65,56,124,79,268,142,45,60,118
42039110600,Crawford,2019,"Census Tract 1106, Crawford County, Pennsylvania",1223,33,33,36,49,56,55,56,77,21,116,183,220,96,99,54,39
42039110600,Crawford,2020,"Census Tract 1106, Crawford County, Pennsylvania",1300,60,27,30,35,49,62,29,39,12,251,154,274,119,59,74,26
42039110600,Crawford,2021,"Census Tract 1106, Crawford County, Pennsylvania",1238,55,25,51,21,59,61,32,38,5,154,247,204,129,38,94,25
42039110600,Crawford,2022,Census Tract 1106; Crawford County; Pennsylvania,1200,48,19,25,29,55,18,87,5,36,37,315,99,226,58,112,31
42039110600,Crawford,2023,Census Tract 1106; Crawford County; Pennsylvania,1227,84,29,19,24,8,44,78,10,39,41,247,134,209,118,124,19
42039110700,Crawford,2019,"Census Tract 1107, Crawford County, Pennsylvania",1606,40,53,62,82,103,102,86,162,61,125,194,219,103,72,96,46
42039110700,Crawford,2020,"Census Tract 1107, Crawford County, Pennsylvania",1543,23,39,58,93,69,129,65,224,46,91,204,230,113,53,59,47
42039110700,Crawford,2021,"Census Tract 1107, Crawford County, Pennsylvania",1382,36,38,47,40,40,88,53,164,114,98,163,184,149,70,55,43
42039110700,Crawford,2022,Census Tract 1107; Crawford County; Pennsylvania,1349,36,29,39,29,37,45,59,53,182,124,164,184,122,131,54,61
42039110700,Crawford,2023,Census Tract 1107; Crawford County; Pennsylvania,1335,34,25,26,34,18,30,51,55,123,201,161,218,112,121,68,58
42039110800,Crawford,2019,"Census Tract 1108, Crawford County, Pennsylvania",1874,73,73,102,82,77,104,107,92,127,156,186,330,171,90,72,32
42039110800,Crawford,2020,"Census Tract 1108, Crawford County, Pennsylvania",1818,63,77,82,89,67,84,97,72,111,156,187,327,182,93,95,36
42039110800,Crawford,2021,"Census Tract 1108, Crawford County, Pennsylvania",1792,49,93,87,57,73,82,76,80,82,155,176,321,193,76,129,63
42039110800,Crawford,2022,Census Tract 1108; Crawford County; Pennsylvania,1842,65,79,66,61,58,73,74,70,89,200,154,287,205,123,161,77
42039110800,Crawford,2023,Census Tract 1108; Crawford County; Pennsylvania,1871,78,87,46,52,65,57,64,56,84,188,176,301,208,142,134,133
42039110900,Crawford,2019,"Census Tract 1109, Crawford County, Pennsylvania",1262,54,80,78,86,105,68,58,72,61,79,199,164,69,30,47,12
42039110900,Crawford,2020,"Census Tract 1109, Crawford County, Pennsylvania",1321,39,64,66,68,91,118,55,54,67,69,187,268,77,20,55,23
42039110900,Crawford,2021,"Census Tract 1109, Crawford County, Pennsylvania",1167,46,40,61,75,84,88,39,56,31,97,151,240,52,56,37,14
42039110900,Crawford,2022,Census Tract 1109; Crawford County; Pennsylvania,1169,40,40,44,55,81,61,56,27,63,84,128,182,154,59,68,27
42039110900,Crawford,2023,Census Tract 1109; Crawford County; Pennsylvania,1171,51,27,24,47,62,44,74,30,53,97,160,168,155,84,59,36
42039111000,Crawford,2019,"Census Tract 1110, Crawford County, Pennsylvania",1115,83,23,50,66,86,81,71,53,65,103,126,167,89,17,22,13
42039111000,Crawford,2020,"Census Tract 1110, Crawford County, Pennsylvania",1161,104,35,57,60,62,104,79,57,58,82,152,194,80,6,18,13
42039111000,Crawford,2021,"Census Tract 1110, Crawford County, Pennsylvania",1074,85,26,64,67,74,73,62,32,62,92,127,132,107,18,24,29
42039111000,Crawford,2022,Census Tract 1110; Crawford County; Pennsylvania,1028,48,33,49,70,55,86,44,59,28,101,122,110,124,48,14,37
42039111000,Crawford,2023,Census Tract 1110; Crawford County; Pennsylvania,1008,47,38,41,73,28,57,81,52,38,88,136,92,127,46,27,37
42039111100,Crawford,2019,"Census Tract 1111, Crawford County, Pennsylvania",1281,180,143,109,83,83,74,90,61,92,53,150,83,57,13,0,10
42039111100,Crawford,2020,"Census Tract 1111, Crawford County, Pennsylvania",1352,219,146,112,121,42,44,85,44,73,38,190,133,79,17,0,9
42039111100,Crawford,2021,"Census Tract 1111, Crawford County, Pennsylvania",1411,160,237,108,195,71,40,111,30,41,23,202,91,68,26,0,8
42039111100,Crawford,2022,Census Tract 1111; Crawford County; Pennsylvania,1445,66,294,149,211,65,60,49,122,23,67,81,148,50,54,6,0
42039111100,Crawford,2023,Census Tract 1111; Crawford County; Pennsylvania,1463,65,240,181,261,49,91,53,83,22,86,57,127,62,52,25,9
42039111200,Crawford,2019,"Census Tract 1112, Crawford County, Pennsylvania",1035,80,45,71,107,75,88,48,75,35,85,85,128,31,24,38,20
42039111200,Crawford,2020,"Census Tract 1112, Crawford County, Pennsylvania",856,73,28,22,71,67,76,69,44,30,95,67,121,24,28,25,16
42039111200,Crawford,2021,"Census Tract 1112, Crawford County, Pennsylvania",903,66,35,29,64,59,53,79,73,39,102,107,110,14,42,31,0
42039111200,Crawford,2022,Census Tract 1112; Crawford County; Pennsylvania,895,40,92,53,24,47,45,59,59,60,53,128,98,50,45,37,5
42039111200,Crawford,2023,Census Tract 1112; Crawford County; Pennsylvania,932,36,79,59,29,39,55,34,46,70,82,145,129,33,32,43,21
42039111300,Crawford,2019,"Census Tract 1113, Crawford County, Pennsylvania",2206,54,70,90,125,113,108,129,87,101,217,340,345,232,114,52,29
42039111300,Crawford,2020,"Census Tract 1113, Crawford County, Pennsylvania",2255,60,52,68,113,132,184,129,78,116,226,295,393,235,97,47,30
42039111300,Crawford,2021,"Census Tract 1113, Crawford County, Pennsylvania",2119,53,40,54,90,104,185,123,76,71,220,277,355,228,139,66,38
42039111300,Crawford,2022,Census Tract 1113; Crawford County; Pennsylvania,2169,55,38,57,63,104,148,161,73,75,220,242,378,251,123,131,50
42039111300,Crawford,2023,Census Tract 1113; Crawford County; Pennsylvania,2227,64,44,72,79,85,137,193,86,71,157,248,375,239,150,129,98
42039111400,Crawford,2019,"Census Tract 1114, Crawford County, Pennsylvania",1951,47,76,58,180,89,0,155,69,93,201,147,397,133,134,96,76
42039111400,Crawford,2020,"Census Tract 1114, Crawford County, Pennsylvania",2079,52,70,60,280,98,13,101,177,68,96,200,360,232,133,64,75
42039111400,Crawford,2021,"Census Tract 1114, Crawford County, Pennsylvania",1943,36,65,57,179,161,17,71,15,139,122,99,392,274,96,74,146
42039111400,Crawford,2022,Census Tract 1114; Crawford County; Pennsylvania,1967,41,60,36,178,135,37,36,83,24,190,139,415,185,156,136,116
42039111400,Crawford,2023,Census Tract 1114; Crawford County; Pennsylvania,1999,75,40,73,28,222,59,33,58,83,194,183,397,177,149,113,115
42039111500,Crawford,2019,"Census Tract 1115, Crawford County, Pennsylvania",2367,208,223,147,230,146,126,72,107,74,149,210,380,107,88,71,29
42039111500,Crawford,2020,"Census Tract 1115, Crawford County, Pennsylvania",2335,136,169,161,156,91,181,83,144,92,195,173,352,203,81,88,30
42039111500,Crawford,2021,"Census Tract 1115, Crawford County, Pennsylvania",2178,221,193,127,175,78,143,58,112,62,198,170,286,163,75,57,60
42039111500,Crawford,2022,Census Tract 1115; Crawford County; Pennsylvania,2144,146,138,110,134,200,112,54,73,123,207,202,175,254,42,107,67
42039111500,Crawford,2023,Census Tract 1115; Crawford County; Pennsylvania,2059,56,182,182,137,177,125,112,67,44,276,184,148,161,92,63,53
42039111600,Crawford,2019,"Census Tract 1116, Crawford County, Pennsylvania",1842,347,223,301,121,122,87,114,107,102,120,61,69,60,0,0,8
42039111600,Crawford,2020,"Census Tract 1116, Crawford County, Pennsylvania",1741,320,216,228,162,100,138,79,108,126,90,71,63,24,0,7,9
42039111600,Crawford,2021,"Census Tract 1116, Crawford County, Pennsylvania",1662,151,292,157,128,108,120,97,113,106,144,70,131,29,0,16,0
42039111600,Crawford,2022,Census Tract 1116; Crawford County; Pennsylvania,1577,80,215,117,162,80,134,125,66,100,144,117,82,113,20,15,7
42039111600,Crawford,2023,Census Tract 1116; Crawford County; Pennsylvania,1584,94,249,107,123,81,49,112,69,152,143,101,65,207,0,16,16
42039111700,Crawford,2019,"Census Tract 1117, Crawford County, Pennsylvania",1364,50,48,124,86,75,52,86,46,26,136,111,165,129,72,55,103
42039111700,Crawford,2020,"Census Tract 1117, Crawford County, Pennsylvania",1381,48,44,93,80,133,35,83,90,49,112,81,184,149,37,53,110
42039111700,Crawford,2021,"Census Tract 1117, Crawford County, Pennsylvania",1357,42,16,93,104,137,28,128,70,26,118,61,195,151,29,64,95
42039111700,Crawford,2022,Census Tract 1117; Crawford County; Pennsylvania,1252,26,48,4,58,155,58,40,92,75,90,46,116,235,60,93,56
42039111700,Crawford,2023,Census Tract 1117; Crawford County; Pennsylvania,1289,29,65,4,18,62,129,21,149,72,134,63,134,276,61,51,21
42039111800,Crawford,2019,"Census Tract 1118, Crawford County, Pennsylvania",2457,18,72,112,149,282,89,147,169,150,250,244,324,224,29,130,68
42039111800,Crawford,2020,"Census Tract 1118, Crawford County, Pennsylvania",2577,41,22,74,113,255,138,97,201,117,267,357,262,340,28,129,136
42039111800,Crawford,2021,"Census Tract 1118, Crawford County, Pennsylvania",2397,40,61,98,54,190,85,81,58,140,113,363,407,303,57,180,167
42039111800,Crawford,2022,Census Tract 1118; Crawford County; Pennsylvania,2456,33,59,120,0,170,134,75,65,125,158,363,352,225,175,172,230
42039111800,Crawford,2023,Census Tract 1118; Crawford County; Pennsylvania,2497,38,59,147,62,181,55,58,82,105,147,444,341,169,260,149,200
42039111900,Crawford,2019,"Census Tract 1119, Crawford County, Pennsylvania",1295,60,65,35,95,86,59,66,65,76,154,190,129,117,38,37,23
42039111900,Crawford,2020,"Census Tract 1119, Crawford County, Pennsylvania",1283,58,66,38,68,92,52,59,71,64,139,177,202,93,44,35,25
42039111900,Crawford,2021,"Census Tract 1119, Crawford County, Pennsylvania",1228,44,65,20,69,114,21,60,64,56,126,170,207,106,52,37,17
42039111900,Crawford,2022,Census Tract 1119; Crawford County; Pennsylvania,1229,44,55,33,50,81,50,23,68,62,112,203,227,115,41,46,19
42039111900,Crawford,2023,Census Tract 1119; Crawford County; Pennsylvania,1292,50,57,32,43,47,91,30,57,47,124,181,251,150,35,71,26
42039112001,Crawford,2019,"Census Tract 1120.01, Crawford County, Pennsylvania",1105,40,81,50,69,81,68,68,40,58,109,102,158,96,21,46,18
42039112001,Crawford,2020,"Census Tract 1120.01, Crawford County, Pennsylvania",1079,28,58,68,35,65,62,87,35,116,96,108,171,81,15,38,16
42039112001,Crawford,2021,"Census Tract 1120.01, Crawford County, Pennsylvania",1063,7,46,89,25,47,64,82,25,96,71,109,193,102,38,47,22
42039112001,Crawford,2022,Census Tract 1120.01; Crawford County; Pennsylvania,1072,13,36,96,42,26,63,59,30,24,127,98,226,89,69,46,28
42039112001,Crawford,2023,Census Tract 1120.01; Crawford County; Pennsylvania,1095,17,42,71,77,12,24,57,40,33,147,102,217,87,90,45,34
42039112002,Crawford,2019,"Census Tract 1120.02, Crawford County, Pennsylvania",611,31,28,20,25,67,45,33,38,46,57,64,68,18,26,17,28
42039112002,Crawford,2020,"Census Tract 1120.02, Crawford County, Pennsylvania",639,30,24,19,23,58,40,86,31,56,50,76,36,19,32,27,32
42039112002,Crawford,2021,"Census Tract 1120.02, Crawford County, Pennsylvania",622,31,19,39,20,47,37,70,19,35,66,81,54,26,40,30,8
42039112002,Crawford,2022,Census Tract 1120.02; Crawford County; Pennsylvania,628,26,22,41,21,30,35,42,76,26,54,60,84,42,10,57,2
42039112002,Crawford,2023,Census Tract 1120.02; Crawford County; Pennsylvania,627,15,33,22,39,22,16,25,95,39,45,52,54,84,9,71,6
42049000100,Erie,2019,"Census Tract 1, Erie County, Pennsylvania",1111,465,307,145,83,0,69,15,0,0,7,12,8,0,0,0,0
42049000100,Erie,2020,"Census Tract 1, Erie County, Pennsylvania",983,346,289,128,23,50,89,7,0,0,8,8,23,0,0,0,12
42049000100,Erie,2021,"Census Tract 1, Erie County, Pennsylvania",1030,296,338,107,64,79,62,15,0,7,7,8,27,0,8,0,12
42049000100,Erie,2022,Census Tract 1; Erie County; Pennsylvania,1054,101,456,94,81,64,39,61,20,0,22,16,71,0,0,17,12
42049000100,Erie,2023,Census Tract 1; Erie County; Pennsylvania,1147,109,476,115,63,48,51,59,42,0,38,31,63,0,0,40,12
42049000200,Erie,2019,"Census Tract 2, Erie County, Pennsylvania",1980,144,84,124,127,41,81,10,48,147,155,265,199,242,112,65,136
42049000200,Erie,2020,"Census Tract 2, Erie County, Pennsylvania",1910,101,80,92,133,22,94,10,41,164,152,200,261,193,148,55,164
42049000200,Erie,2021,"Census Tract 2, Erie County, Pennsylvania",1779,91,64,90,163,46,60,30,23,129,151,159,190,189,136,111,147
42049000200,Erie,2022,Census Tract 2; Erie County; Pennsylvania,1771,94,88,61,63,140,49,57,0,40,190,171,209,196,160,119,134
42049000200,Erie,2023,Census Tract 2; Erie County; Pennsylvania,1816,79,63,80,72,125,42,58,23,68,168,154,160,273,155,185,111
42049000300,Erie,2019,"Census Tract 3, Erie County, Pennsylvania",1389,72,95,67,203,122,110,129,98,50,122,79,93,55,36,25,33
42049000300,Erie,2020,"Census Tract 3, Erie County, Pennsylvania",1202,61,80,72,177,38,127,86,111,44,121,35,90,83,31,23,23
42049000300,Erie,2021,"Census Tract 3, Erie County, Pennsylvania",1255,68,131,141,146,44,58,174,50,96,104,85,67,31,21,27,12
42049000300,Erie,2022,Census Tract 3; Erie County; Pennsylvania,1289,70,108,192,101,87,60,94,109,129,67,40,43,68,11,84,26
42049000300,Erie,2023,Census Tract 3; Erie County; Pennsylvania,1305,50,148,188,114,55,56,135,74,81,134,105,57,0,30,41,37
42049000400,Erie,2019,"Census Tract 4, Erie County, Pennsylvania",935,35,22,86,79,28,35,174,153,43,160,36,12,47,11,14,0
42049000400,Erie,2020,"Census Tract 4, Erie County, Pennsylvania",916,57,50,108,33,71,22,165,130,37,147,34,4,41,7,10,0
42049000400,Erie,2021,"Census Tract 4, Erie County, Pennsylvania",814,46,50,117,36,48,65,52,124,36,41,74,69,0,29,27,0
42049000400,Erie,2022,Census Tract 4; Erie County; Pennsylvania,857,47,100,136,17,38,54,8,66,120,48,82,50,42,0,49,0
42049000400,Erie,2023,Census Tract 4; Erie County; Pennsylvania,793,64,88,86,48,38,46,33,6,54,55,152,75,26,0,12,10
42049000500,Erie,2019,"Census Tract 5, Erie County, Pennsylvania",1370,255,105,182,120,149,106,47,55,44,142,86,79,0,0,0,0
42049000500,Erie,2020,"Census Tract 5, Erie County, Pennsylvania",1222,204,96,170,95,75,108,42,70,34,156,81,79,0,12,0,0
42049000500,Erie,2021,"Census Tract 5, Erie County, Pennsylvania",1182,178,72,126,80,107,139,67,47,28,170,33,118,3,14,0,0
42049000500,Erie,2022,Census Tract 5; Erie County; Pennsylvania,1232,124,88,56,195,78,123,26,102,62,145,62,52,90,14,0,15
42049000500,Erie,2023,Census Tract 5; Erie County; Pennsylvania,1247,138,40,77,157,80,196,22,116,80,80,82,47,81,0,38,13
42049000600,Erie,2019,"Census Tract 6, Erie County, Pennsylvania",1485,216,174,150,194,93,121,53,53,27,98,66,111,62,0,30,37
42049000600,Erie,2020,"Census Tract 6, Erie County, Pennsylvania",1281,212,176,97,79,108,45,55,28,38,94,97,83,43,38,32,56
42049000600,Erie,2021,"Census Tract 6, Erie County, Pennsylvania",1239,131,120,52,95,119,5,59,62,22,114,111,121,71,51,38,68
42049000600,Erie,2022,Census Tract 6; Erie County; Pennsylvania,1257,153,159,35,85,113,41,29,67,33,50,115,159,44,81,52,41
42049000600,Erie,2023,Census Tract 6; Erie County; Pennsylvania,1199,139,54,53,57,95,53,72,53,67,43,97,215,46,68,62,25
42049000700,Erie,2019,"Census Tract 7, Erie County, Pennsylvania",898,178,63,155,112,41,103,44,34,48,15,51,12,42,0,0,0
42049000700,Erie,2020,"Census Tract 7, Erie County, Pennsylvania",887,185,65,122,98,17,92,48,31,63,14,35,14,103,0,0,0
42049000700,Erie,2021,"Census Tract 7, Erie County, Pennsylvania",890,108,128,69,87,43,138,33,20,23,43,47,59,86,0,6,0
42049000700,Erie,2022,Census Tract 7; Erie County; Pennsylvania,966,111,127,64,56,47,81,103,47,56,71,23,65,52,51,12,0
42049000700,Erie,2023,Census Tract 7; Erie County; Pennsylvania,939,98,104,80,93,30,60,91,87,53,59,4,50,13,98,8,11
42049000800,Erie,2019,"Census Tract 8, Erie County, Pennsylvania",940,177,166,156,110,67,32,42,84,44,8,30,24,0,0,0,0
42049000800,Erie,2020,"Census Tract 8, Erie County, Pennsylvania",967,176,125,150,104,57,38,69,133,32,8,8,67,0,0,0,0
42049000800,Erie,2021,"Census Tract 8, Erie County, Pennsylvania",851,132,92,158,109,61,16,50,42,70,13,22,73,13,0,0,0
42049000800,Erie,2022,Census Tract 8; Erie County; Pennsylvania,888,127,110,64,186,62,25,16,37,14,68,16,133,30,0,0,0
42049000800,Erie,2023,Census Tract 8; Erie County; Pennsylvania,769,115,60,77,108,52,25,33,32,8,66,42,98,53,0,0,0
42049000900,Erie,2019,"Census Tract 9, Erie County, Pennsylvania",1948,329,199,58,257,210,107,39,90,89,75,156,229,67,17,9,17
42049000901,Erie,2020,"Census Tract 9.01, Erie County, Pennsylvania",1265,34,251,160,134,94,28,24,50,57,63,205,81,53,13,8,10
42049000901,Erie,2021,"Census Tract 9.01, Erie County, Pennsylvania",1136,0,133,343,33,121,33,7,40,75,32,122,104,50,23,7,13
42049000901,Erie,2022,Census Tract 9.01; Erie County; Pennsylvania,1068,50,118,284,147,68,15,0,7,37,109,107,93,0,6,0,27
42049000901,Erie,2023,Census Tract 9.01; Erie County; Pennsylvania,1007,63,39,274,97,55,22,38,38,51,90,62,111,18,17,0,32
42049000902,Erie,2020,"Census Tract 9.02, Erie County, Pennsylvania",974,321,128,50,56,173,18,0,57,14,41,0,83,0,33,0,0
42049000902,Erie,2021,"Census Tract 9.02, Erie County, Pennsylvania",829,261,143,62,0,68,0,0,51,18,48,19,98,0,0,0,61
42049000902,Erie,2022,Census Tract 9.02; Erie County; Pennsylvania,777,185,126,87,65,16,28,18,0,21,51,62,44,0,0,0,74
42049000902,Erie,2023,Census Tract 9.02; Erie County; Pennsylvania,827,199,31,146,130,69,49,26,18,0,0,42,37,0,0,0,80
42049001000,Erie,2019,"Census Tract 10, Erie County, Pennsylvania",1562,108,39,165,119,69,216,89,87,93,121,231,167,30,20,0,8
42049001000,Erie,2020,"Census Tract 10, Erie County, Pennsylvania",1403,110,37,211,146,57,135,80,115,55,106,189,119,26,17,0,0
42049001000,Erie,2021,"Census Tract 10, Erie County, Pennsylvania",1419,61,65,196,126,172,80,121,101,62,66,122,122,96,24,5,0
42049001000,Erie,2022,Census Tract 10; Erie County; Pennsylvania,1483,81,45,124,148,200,41,146,34,100,57,131,177,137,32,16,14
42049001000,Erie,2023,Census Tract 10; Erie County; Pennsylvania,1445,101,0,138,97,176,134,52,26,110,65,183,160,90,64,17,32
42049001100,Erie,2019,"Census Tract 11, Erie County, Pennsylvania",1120,30,81,60,123,44,101,87,34,41,92,225,118,62,7,9,6
42049001100,Erie,2020,"Census Tract 11, Erie County, Pennsylvania",1154,61,74,56,104,17,147,71,57,80,68,229,107,52,12,7,12
42049001100,Erie,2021,"Census Tract 11, Erie County, Pennsylvania",1172,73,48,30,57,29,106,67,99,78,93,228,112,55,63,16,18
42049001100,Erie,2022,Census Tract 11; Erie County; Pennsylvania,1220,109,32,35,32,174,10,111,60,35,103,170,207,66,49,17,10
42049001100,Erie,2023,Census Tract 11; Erie County; Pennsylvania,1294,155,7,22,34,156,95,73,41,111,130,120,210,84,3,32,21
42049001200,Erie,2019,"Census Tract 12, Erie County, Pennsylvania",843,238,163,46,33,45,41,5,6,61,51,89,40,6,0,19,0
42049001200,Erie,2020,"Census Tract 12, Erie County, Pennsylvania",1013,204,129,172,95,32,128,0,38,32,46,75,54,0,0,8,0
42049001200,Erie,2021,"Census Tract 12, Erie County, Pennsylvania",1086,149,136,57,246,26,89,32,51,43,39,112,72,0,0,26,8
42049001200,Erie,2022,Census Tract 12; Erie County; Pennsylvania,993,81,150,75,217,14,25,111,4,45,94,109,52,0,11,0,5
42049001200,Erie,2023,Census Tract 12; Erie County; Pennsylvania,1101,26,139,106,311,29,69,94,43,26,56,45,107,31,0,12,7
42049001300,Erie,2019,"Census Tract 13, Erie County, Pennsylvania",616,157,57,72,77,39,29,50,0,30,30,25,28,22,0,0,0
42049001300,Erie,2020,"Census Tract 13, Erie County, Pennsylvania",604,132,64,76,59,47,93,15,0,24,21,15,27,31,0,0,0
42049001300,Erie,2021,"Census Tract 13, Erie County, Pennsylvania",583,92,93,77,58,40,80,6,10,3,26,14,46,38,0,0,0
42049001300,Erie,2022,Census Tract 13; Erie County; Pennsylvania,632,54,134,88,47,76,76,11,3,0,16,24,64,9,30,0,0
42049001300,Erie,2023,Census Tract 13; Erie County; Pennsylvania,607,60,43,110,91,80,24,70,0,6,11,36,36,30,10,0,0
42049001400,Erie,2019,"Census Tract 14, Erie County, Pennsylvania",492,50,99,45,24,79,35,36,24,0,27,30,16,0,9,9,9
42049001400,Erie,2020,"Census Tract 14, Erie County, Pennsylvania",637,188,99,18,61,73,16,40,24,7,27,23,36,0,6,9,10
42049001400,Erie,2021,"Census Tract 14, Erie County, Pennsylvania",566,192,89,28,59,67,26,32,27,5,13,5,10,0,0,1,12
42049001400,Erie,2022,Census Tract 14; Erie County; Pennsylvania,571,193,74,24,95,79,23,15,25,10,11,14,1,5,0,2,0
42049001400,Erie,2023,Census Tract 14; Erie County; Pennsylvania,609,246,43,27,58,118,14,0,45,14,15,12,10,7,0,0,0
42049001500,Erie,2019,"Census Tract 15, Erie County, Pennsylvania",1012,247,57,116,89,46,106,63,40,115,19,58,39,8,2,0,7
42049001500,Erie,2020,"Census Tract 15, Erie County, Pennsylvania",1058,196,84,86,185,29,109,52,98,109,35,31,27,9,1,0,7
42049001500,Erie,2021,"Census Tract 15, Erie County, Pennsylvania",1016,259,72,50,121,78,91,37,48,132,40,49,14,12,13,0,0
42049001500,Erie,2022,Census Tract 15; Erie County; Pennsylvania,1061,215,90,78,163,101,53,67,0,85,105,51,45,0,8,0,0
42049001500,Erie,2023,Census Tract 15; Erie County; Pennsylvania,1072,185,117,86,80,153,83,108,15,0,144,64,30,0,7,0,0
42049001600,Erie,2019,"Census Tract 16, Erie County, Pennsylvania",1669,107,20,192,103,145,50,75,69,151,200,139,150,109,49,100,10
42049001600,Erie,2020,"Census Tract 16, Erie County, Pennsylvania",1774,252,14,205,87,174,65,66,71,97,185,157,132,152,44,65,8
42049001600,Erie,2021,"Census Tract 16, Erie County, Pennsylvania",1767,294,11,154,121,163,110,90,89,62,95,166,154,126,53,73,6
42049001600,Erie,2022,Census Tract 16; Erie County; Pennsylvania,1780,290,10,40,154,115,90,152,99,54,131,148,108,196,60,78,55
42049001600,Erie,2023,Census Tract 16; Erie County; Pennsylvania,1864,328,59,0,149,69,243,91,64,113,65,154,161,191,93,32,52
42049001700,Erie,2019,"Census Tract 17, Erie County, Pennsylvania",943,66,76,120,93,68,82,54,62,67,54,103,66,17,6,0,9
42049001700,Erie,2020,"Census Tract 17, Erie County, Pennsylvania",971,55,49,99,73,66,72,49,75,68,156,117,51,26,7,0,8
42049001700,Erie,2021,"Census Tract 17, Erie County, Pennsylvania",964,77,42,86,61,64,40,48,57,27,196,80,129,39,0,6,12
42049001700,Erie,2022,Census Tract 17; Erie County; Pennsylvania,1001,45,98,79,64,71,27,62,44,75,217,36,148,0,15,10,10
42049001700,Erie,2023,Census Tract 17; Erie County; Pennsylvania,931,48,150,50,73,41,6,23,83,44,234,43,67,8,11,44,6
42049001800,Erie,2019,"Census Tract 18, Erie County, Pennsylvania",645,94,88,43,106,66,5,46,42,55,14,36,29,19,2,0,0
42049001800,Erie,2020,"Census Tract 18, Erie County, Pennsylvania",663,83,107,26,101,106,21,33,13,39,24,21,18,35,36,0,0
42049001800,Erie,2021,"Census Tract 18, Erie County, Pennsylvania",690,107,96,38,97,104,30,20,20,36,27,14,39,28,34,0,0
42049001800,Erie,2022,Census Tract 18; Erie County; Pennsylvania,701,62,62,96,11,133,44,0,37,11,57,25,88,14,50,3,8
42049001800,Erie,2023,Census Tract 18; Erie County; Pennsylvania,722,97,117,115,11,55,15,12,73,7,24,12,80,46,52,0,6
42049001900,Erie,2019,"Census Tract 19, Erie County, Pennsylvania",853,159,115,155,62,63,125,19,8,10,43,62,23,5,0,0,4
42049001900,Erie,2020,"Census Tract 19, Erie County, Pennsylvania",873,108,158,171,74,118,38,66,8,3,40,54,17,10,0,0,8
42049001900,Erie,2021,"Census Tract 19, Erie County, Pennsylvania",859,74,167,163,68,49,103,75,6,12,62,58,10,5,0,0,7
42049001900,Erie,2022,Census Tract 19; Erie County; Pennsylvania,869,51,175,165,83,51,107,27,36,9,61,35,30,15,8,8,8
42049001900,Erie,2023,Census Tract 19; Erie County; Pennsylvania,869,46,186,182,85,47,65,100,5,11,31,12,56,12,12,0,19
42049002000,Erie,2019,"Census Tract 20, Erie County, Pennsylvania",1365,56,38,170,67,118,19,73,129,16,189,204,156,54,7,64,5
42049002000,Erie,2020,"Census Tract 20, Erie County, Pennsylvania",1408,71,25,207,56,120,34,61,103,17,229,183,157,61,7,77,0
42049002000,Erie,2021,"Census Tract 20, Erie County, Pennsylvania",1330,96,50,192,66,87,41,14,87,68,128,177,232,67,12,13,0
42049002000,Erie,2022,Census Tract 20; Erie County; Pennsylvania,1315,92,59,42,190,57,16,66,30,95,135,206,242,77,0,8,0
42049002000,Erie,2023,Census Tract 20; Erie County; Pennsylvania,1331,90,79,30,182,38,35,83,60,44,193,193,228,44,23,9,0
42049002100,Erie,2019,"Census Tract 21, Erie County, Pennsylvania",1696,83,47,63,93,71,73,84,87,189,155,262,295,90,0,73,31
42049002100,Erie,2020,"Census Tract 21, Erie County, Pennsylvania",1762,69,32,53,111,68,78,55,105,144,223,247,281,112,56,90,38
42049002100,Erie,2021,"Census Tract 21, Erie County, Pennsylvania",1702,74,34,74,68,90,39,74,107,96,179,196,387,80,16,132,56
42049002100,Erie,2022,Census Tract 21; Erie County; Pennsylvania,1691,26,42,33,110,68,57,76,90,55,223,248,305,152,75,101,30
42049002100,Erie,2023,Census Tract 21; Erie County; Pennsylvania,1714,35,43,8,97,33,92,146,110,57,130,318,256,151,84,138,16
42049002200,Erie,2019,"Census Tract 22, Erie County, Pennsylvania",1725,61,103,43,89,118,90,107,44,101,109,322,296,145,59,23,15
42049002200,Erie,2020,"Census Tract 22, Erie County, Pennsylvania",1646,39,53,30,73,105,82,70,73,51,153,279,368,170,37,63,0
42049002200,Erie,2021,"Census Tract 22, Erie County, Pennsylvania",1642,58,130,28,36,83,35,111,41,85,173,226,306,243,73,0,14
42049002200,Erie,2022,Census Tract 22; Erie County; Pennsylvania,1543,85,82,51,52,46,63,45,51,80,130,103,384,238,99,10,24
42049002200,Erie,2023,Census Tract 22; Erie County; Pennsylvania,1549,120,72,90,54,27,81,25,36,42,88,146,390,230,106,7,35
42049002300,Erie,2019,"Census Tract 23, Erie County, Pennsylvania",1085,31,73,59,88,42,116,71,101,41,138,124,96,54,31,20,0
42049002300,Erie,2020,"Census Tract 23, Erie County, Pennsylvania",1160,25,110,72,39,241,66,60,108,25,158,91,98,46,0,21,0
42049002300,Erie,2021,"Census Tract 23, Erie County, Pennsylvania",1109,22,76,79,53,214,91,54,99,19,99,73,128,102,0,0,0
42049002300,Erie,2022,Census Tract 23; Erie County; Pennsylvania,1118,22,45,117,38,75,232,52,80,73,86,42,110,102,8,10,26
42049002300,Erie,2023,Census Tract 23; Erie County; Pennsylvania,1194,18,35,64,80,97,285,76,88,43,118,39,117,98,9,12,15
42049002400,Erie,2019,"Census Tract 24, Erie County, Pennsylvania",1278,94,121,26,36,94,82,94,122,74,90,158,136,111,28,12,0
42049002400,Erie,2020,"Census Tract 24, Erie County, Pennsylvania",1247,61,40,107,32,94,49,100,74,183,72,163,124,120,28,0,0
42049002400,Erie,2021,"Census Tract 24, Erie County, Pennsylvania",1250,80,43,118,51,120,35,66,72,110,162,139,102,134,18,0,0
42049002400,Erie,2022,Census Tract 24; Erie County; Pennsylvania,1300,51,74,90,65,93,51,40,114,47,226,105,146,151,47,0,0
42049002400,Erie,2023,Census Tract 24; Erie County; Pennsylvania,1328,56,142,42,85,73,78,7,110,68,235,115,170,45,94,8,0
42049002500,Erie,2019,"Census Tract 25, Erie County, Pennsylvania",979,107,25,72,43,139,108,46,65,61,109,91,41,56,5,6,5
42049002500,Erie,2020,"Census Tract 25, Erie County, Pennsylvania",1016,100,68,62,25,129,113,70,0,57,152,120,46,56,12,6,0
42049002500,Erie,2021,"Census Tract 25, Erie County, Pennsylvania",962,46,90,72,24,115,70,57,29,10,141,126,88,53,27,14,0
42049002500,Erie,2022,Census Tract 25; Erie County; Pennsylvania,949,51,77,88,50,63,111,108,36,18,97,83,84,49,22,12,0
42049002500,Erie,2023,Census Tract 25; Erie County; Pennsylvania,894,72,60,46,92,3,42,72,29,75,71,152,96,27,39,18,0
42049002600,Erie,2019,"Census Tract 26, Erie County, Pennsylvania",1498,133,89,98,141,144,64,124,34,74,172,185,82,107,22,17,12
42049002600,Erie,2020,"Census Tract 26, Erie County, Pennsylvania",1540,159,80,72,95,130,61,134,17,59,116,217,129,87,34,142,8
42049002600,Erie,2021,"Census Tract 26, Erie County, Pennsylvania",1516,153,109,95,147,89,95,130,12,65,108,117,121,74,67,124,10
42049002600,Erie,2022,Census Tract 26; Erie County; Pennsylvania,1470,69,108,27,106,53,197,107,57,14,131,145,105,138,41,164,8
42049002600,Erie,2023,Census Tract 26; Erie County; Pennsylvania,1488,62,75,35,74,16,72,163,177,6,148,148,117,142,76,167,10
42049002700,Erie,2019,"Census Tract 27, Erie County, Pennsylvania",2971,143,249,112,146,130,241,178,125,213,150,375,415,298,109,87,0
42049002700,Erie,2020,"Census Tract 27, Erie County, Pennsylvania",3000,95,187,207,131,220,202,149,292,111,213,286,480,213,100,114,0
42049002700,Erie,2021,"Census Tract 27, Erie County, Pennsylvania",2942,76,124,108,152,204,121,153,247,187,186,267,411,299,225,162,20
42049002700,Erie,2022,Census Tract 27; Erie County; Pennsylvania,2874,94,74,43,201,227,98,151,169,253,292,368,389,206,218,46,45
42049002700,Erie,2023,Census Tract 27; Erie County; Pennsylvania,2915,116,64,30,163,105,157,105,224,208,330,265,486,289,212,53,108
42049002800,Erie,2019,"Census Tract 28, Erie County, Pennsylvania",2296,298,64,28,121,141,125,175,138,129,115,313,266,162,117,52,52
42049002800,Erie,2020,"Census Tract 28, Erie County, Pennsylvania",2535,268,60,116,147,161,143,168,159,127,95,409,324,186,62,26,84
42049002800,Erie,2021,"Census Tract 28, Erie County, Pennsylvania",2381,252,65,108,74,112,96,190,249,51,139,213,488,155,62,41,86
42049002800,Erie,2022,Census Tract 28; Erie County; Pennsylvania,2454,199,29,121,61,157,101,145,160,164,177,188,552,98,164,26,112
42049002800,Erie,2023,Census Tract 28; Erie County; Pennsylvania,2394,164,27,104,87,91,143,31,218,73,217,214,501,194,115,136,79
42049002900,Erie,2019,"Census Tract 29, Erie County, Pennsylvania",1272,43,20,47,45,80,9,60,57,62,99,132,138,236,119,76,49
42049002900,Erie,2020,"Census Tract 29, Erie County, Pennsylvania",1274,40,18,42,43,58,95,46,28,35,105,103,143,206,122,149,41
42049002900,Erie,2021,"Census Tract 29, Erie County, Pennsylvania",1241,46,10,9,73,82,49,52,61,12,140,56,164,203,104,136,44
42049002900,Erie,2022,Census Tract 29; Erie County; Pennsylvania,1221,53,19,10,29,89,44,42,42,73,109,73,113,114,160,151,100
42049002900,Erie,2023,Census Tract 29; Erie County; Pennsylvania,1232,32,23,12,36,53,51,40,61,30,129,100,106,116,126,178,139
42049003000,Erie,2019,"Census Tract 30, Erie County, Pennsylvania",1921,203,83,167,99,158,89,184,43,126,130,170,243,104,72,33,17
42049003000,Erie,2020,"Census Tract 30, Erie County, Pennsylvania",1835,159,85,130,98,141,68,199,53,94,134,296,206,83,23,21,45
42049003000,Erie,2021,"Census Tract 30, Erie County, Pennsylvania",1790,111,79,88,137,143,85,107,117,82,89,279,219,123,47,18,66
42049003000,Erie,2022,Census Tract 30; Erie County; Pennsylvania,1775,82,81,57,104,126,97,102,98,60,138,250,200,193,68,39,80
42049003000,Erie,2023,Census Tract 30; Erie County; Pennsylvania,1817,122,127,76,87,101,156,43,77,79,106,285,226,145,74,48,65
42049010101,Erie,2019,"Census Tract 101.01, Erie County, Pennsylvania",1353,76,30,99,55,55,70,81,89,39,118,97,244,122,76,60,42
42049010101,Erie,2020,"Census Tract 101.01, Erie County, Pennsylvania",1316,85,15,91,33,27,32,52,97,43,110,122,283,150,79,48,49
42049010101,Erie,2021,"Census Tract 101.01, Erie County, Pennsylvania",1237,92,0,68,58,39,10,69,9,32,114,216,233,123,95,40,39
42049010101,Erie,2022,Census Tract 101.01; Erie County; Pennsylvania,1225,117,10,17,22,28,12,41,73,8,84,182,311,147,92,63,18
42049010101,Erie,2023,Census Tract 101.01; Erie County; Pennsylvania,1216,69,17,10,29,20,0,36,56,44,54,171,283,226,90,72,39
42049010103,Erie,2019,"Census Tract 101.03, Erie County, Pennsylvania",709,41,27,51,30,41,26,34,34,43,49,83,90,63,44,22,31
42049010103,Erie,2020,"Census Tract 101.03, Erie County, Pennsylvania",736,25,46,55,22,36,11,43,23,40,55,143,79,43,55,25,35
42049010103,Erie,2021,"Census Tract 101.03, Erie County, Pennsylvania",741,13,42,25,15,44,28,13,24,35,67,77,191,37,60,33,37
42049010103,Erie,2022,Census Tract 101.03; Erie County; Pennsylvania,739,36,30,10,24,31,33,17,19,28,85,43,209,37,28,57,52
42049010103,Erie,2023,Census Tract 101.03; Erie County; Pennsylvania,755,44,23,16,29,16,36,18,20,27,51,109,186,53,28,59,40
42049010104,Erie,2019,"Census Tract 101.04, Erie County, Pennsylvania",888,45,21,31,30,31,44,44,58,32,42,120,152,106,54,57,21
42049010104,Erie,2020,"Census Tract 101.04, Erie County, Pennsylvania",905,43,20,26,18,44,39,41,55,48,58,114,123,128,43,49,56
42049010104,Erie,2021,"Census Tract 101.04, Erie County, Pennsylvania",877,29,12,25,33,37,26,24,55,47,70,90,148,124,57,35,65
42049010104,Erie,2022,Census Tract 101.04; Erie County; Pennsylvania,886,24,13,30,19,24,38,28,35,34,107,82,137,108,88,35,84
42049010104,Erie,2023,Census Tract 101.04; Erie County; Pennsylvania,870,34,6,21,23,18,48,16,39,39,67,88,133,107,99,41,91
42049010107,Erie,2019,"Census Tract 101.07, Erie County, Pennsylvania",681,69,37,57,52,32,73,36,10,21,85,59,89,34,14,13,0
42049010107,Erie,2020,"Census Tract 101.07, Erie County, Pennsylvania",609,61,26,51,38,26,47,52,11,20,74,59,67,55,12,10,0
42049010107,Erie,2021,"Census Tract 101.07, Erie County, Pennsylvania",572,46,40,38,26,27,24,69,10,10,50,46,77,73,19,13,4
42049010107,Erie,2022,Census Tract 101.07; Erie County; Pennsylvania,583,35,58,25,46,19,19,35,44,10,40,48,55,43,93,4,9
42049010107,Erie,2023,Census Tract 101.07; Erie County; Pennsylvania,591,39,68,31,40,22,10,15,44,17,29,71,54,40,89,13,9
42049010108,Erie,2020,"Census Tract 101.08, Erie County, Pennsylvania",2,0,0,0,0,0,0,0,0,0,0,0,2,0,0,0,0
42049010201,Erie,2019,"Census Tract 102.01, Erie County, Pennsylvania",2279,72,100,134,149,73,149,167,159,84,232,298,300,172,88,50,52
42049010201,Erie,2020,"Census Tract 102.01, Erie County, Pennsylvania",2388,49,113,110,206,75,129,93,121,83,202,289,314,187,181,187,49
42049010201,Erie,2021,"Census Tract 102.01, Erie County, Pennsylvania",2442,30,119,58,161,170,87,133,44,165,139,322,348,187,227,213,39
42049010201,Erie,2022,Census Tract 102.01; Erie County; Pennsylvania,2496,32,89,23,112,216,51,164,76,114,172,274,340,322,130,301,80
42049010201,Erie,2023,Census Tract 102.01; Erie County; Pennsylvania,2601,59,77,39,84,226,87,95,129,54,212,241,460,323,139,127,249
42049010202,Erie,2019,"Census Tract 102.02, Erie County, Pennsylvania",2228,142,93,49,166,125,216,145,48,143,147,250,313,189,91,70,41
42049010202,Erie,2020,"Census Tract 102.02, Erie County, Pennsylvania",2368,69,39,40,167,190,121,168,103,137,186,285,293,156,266,86,62
42049010202,Erie,2021,"Census Tract 102.02, Erie County, Pennsylvania",2329,108,84,39,140,187,46,126,104,67,215,218,500,102,265,76,52
42049010202,Erie,2022,Census Tract 102.02; Erie County; Pennsylvania,2367,73,67,71,96,115,116,55,109,126,195,193,442,248,132,220,109
42049010202,Erie,2023,Census Tract 102.02; Erie County; Pennsylvania,2411,68,49,111,33,120,157,45,80,46,197,293,371,218,223,277,123
42049010301,Erie,2019,"Census Tract 103.01, Erie County, Pennsylvania",1887,43,62,84,81,98,82,43,82,55,133,182,464,221,112,100,45
42049010301,Erie,2020,"Census Tract 103.01, Erie County, Pennsylvania",1866,55,68,73,74,85,107,43,123,47,122,173,364,274,133,84,41
42049010301,Erie,2021,"Census Tract 103.01, Erie County, Pennsylvania",1972,61,71,36,61,107,85,68,104,72,91,172,394,313,149,137,51
42049010301,Erie,2022,Census Tract 103.01; Erie County; Pennsylvania,1953,47,86,50,50,94,86,105,16,99,39,165,308,392,135,209,72
42049010301,Erie,2023,Census Tract 103.01; Erie County; Pennsylvania,1979,20,58,62,51,18,75,155,27,42,131,174,268,364,165,230,139
42049010303,Erie,2019,"Census Tract 103.03, Erie County, Pennsylvania",2033,36,57,145,86,33,46,31,14,131,100,138,364,408,95,150,199
42049010303,Erie,2020,"Census Tract 103.03, Erie County, Pennsylvania",1826,9,41,135,97,33,57,31,23,79,95,115,281,322,153,163,192
42049010303,Erie,2021,"Census Tract 103.03, Erie County, Pennsylvania",2051,58,0,196,129,9,0,47,52,60,136,118,311,323,174,174,264
42049010303,Erie,2022,Census Tract 103.03; Erie County; Pennsylvania,2091,63,20,128,69,73,0,42,25,74,102,162,346,281,133,179,394
42049010303,Erie,2023,Census Tract 103.03; Erie County; Pennsylvania,2205,121,34,73,89,94,24,58,0,45,77,213,370,190,242,86,489
42049010304,Erie,2019,"Census Tract 103.04, Erie County, Pennsylvania",1630,64,36,29,41,44,35,68,25,52,128,74,216,279,89,149,301
42049010304,Erie,2020,"Census Tract 103.04, Erie County, Pennsylvania",1695,29,9,20,9,66,28,58,21,114,110,186,228,229,137,215,236
42049010304,Erie,2021,"Census Tract 103.04, Erie County, Pennsylvania",1803,34,55,19,9,64,22,34,0,105,108,198,222,232,183,254,264
42049010304,Erie,2022,Census Tract 103.04; Erie County; Pennsylvania,1844,77,53,8,9,16,60,14,14,32,142,196,242,223,103,253,402
42049010304,Erie,2023,Census Tract 103.04; Erie County; Pennsylvania,1819,80,40,0,16,8,38,8,19,0,147,183,216,220,133,292,419
42049010400,Erie,2019,"Census Tract 104, Erie County, Pennsylvania",2045,100,119,35,112,85,111,51,145,21,132,238,261,180,221,111,123
42049010400,Erie,2020,"Census Tract 104, Erie County, Pennsylvania",2147,79,101,63,178,119,49,74,134,76,127,252,209,151,244,140,151
42049010400,Erie,2021,"Census Tract 104, Erie County, Pennsylvania",2154,86,47,63,75,241,0,52,176,62,148,99,291,171,262,148,233
42049010400,Erie,2022,Census Tract 104; Erie County; Pennsylvania,2056,48,48,37,106,205,36,15,65,126,136,121,305,201,249,82,276
42049010400,Erie,2023,Census Tract 104; Erie County; Pennsylvania,1960,16,50,65,92,284,59,26,14,114,88,134,270,187,178,167,216
42049010500,Erie,2019,"Census Tract 105, Erie County, Pennsylvania",1851,103,64,140,34,152,59,71,106,144,171,254,177,102,175,70,29
42049010500,Erie,2020,"Census Tract 105, Erie County, Pennsylvania",1944,70,184,86,36,121,55,149,59,89,226,317,180,108,59,160,45
42049010500,Erie,2021,"Census Tract 105, Erie County, Pennsylvania",2103,88,160,147,67,26,67,137,109,27,271,265,242,133,122,175,67
42049010500,Erie,2022,Census Tract 105; Erie County; Pennsylvania,2168,96,123,160,65,86,60,43,133,52,126,417,214,63,176,156,198
42049010500,Erie,2023,Census Tract 105; Erie County; Pennsylvania,2080,84,112,260,28,106,60,35,123,78,63,226,338,67,92,196,212
42049010700,Erie,2019,"Census Tract 107, Erie County, Pennsylvania",1733,149,34,34,90,67,127,55,109,108,242,258,237,109,58,56,0
42049010700,Erie,2020,"Census Tract 107, Erie County, Pennsylvania",1711,95,24,38,86,41,98,62,67,118,250,213,286,158,135,40,0
42049010700,Erie,2021,"Census Tract 107, Erie County, Pennsylvania",1740,63,48,20,79,35,104,56,87,63,250,192,300,231,92,120,0
42049010700,Erie,2022,Census Tract 107; Erie County; Pennsylvania,1788,85,62,63,43,42,96,55,73,66,128,213,363,227,55,198,19
42049010700,Erie,2023,Census Tract 107; Erie County; Pennsylvania,1761,72,84,66,29,44,46,58,49,59,97,256,281,226,109,266,19
42049010800,Erie,2019,"Census Tract 108, Erie County, Pennsylvania",1435,32,29,30,89,137,72,73,90,57,71,333,205,117,54,46,0
42049010800,Erie,2020,"Census Tract 108, Erie County, Pennsylvania",1280,34,30,70,34,186,22,52,68,39,91,315,198,50,34,23,34
42049010800,Erie,2021,"Census Tract 108, Erie County, Pennsylvania",1350,39,35,49,39,112,77,70,52,61,49,281,224,100,77,56,29
42049010800,Erie,2022,Census Tract 108; Erie County; Pennsylvania,1331,11,44,40,69,74,43,72,30,47,101,179,280,135,104,64,38
42049010800,Erie,2023,Census Tract 108; Erie County; Pennsylvania,1329,12,7,46,48,76,26,65,62,39,154,154,242,143,75,134,46
42049010902,Erie,2019,"Census Tract 109.02, Erie County, Pennsylvania",1831,107,102,131,50,84,55,71,68,52,127,222,257,114,103,177,111
42049010902,Erie,2020,"Census Tract 109.02, Erie County, Pennsylvania",1707,119,89,95,73,47,65,71,58,25,146,248,230,106,74,171,90
42049010902,Erie,2021,"Census Tract 109.02, Erie County, Pennsylvania",1743,135,85,118,74,42,63,72,56,42,81,227,225,94,95,193,141
42049010902,Erie,2022,Census Tract 109.02; Erie County; Pennsylvania,1699,82,129,104,104,52,50,75,61,68,36,141,222,144,89,186,156
42049010902,Erie,2023,Census Tract 109.02; Erie County; Pennsylvania,1706,48,151,58,101,77,53,40,89,13,101,205,146,179,57,193,195
42049010903,Erie,2019,"Census Tract 109.03, Erie County, Pennsylvania",2745,110,108,84,59,109,185,82,77,108,290,203,475,375,121,189,170
42049010903,Erie,2020,"Census Tract 109.03, Erie County, Pennsylvania",2822,93,130,100,119,178,101,67,37,58,274,242,527,396,138,181,181
42049010903,Erie,2021,"Census Tract 109.03, Erie County, Pennsylvania",2829,105,133,120,43,128,142,73,43,43,167,219,463,512,250,139,249
42049010903,Erie,2022,Census Tract 109.03; Erie County; Pennsylvania,2859,102,60,153,61,95,85,141,101,34,99,183,490,382,350,218,305
42049010903,Erie,2023,Census Tract 109.03; Erie County; Pennsylvania,2928,81,117,82,46,67,61,217,154,68,108,227,387,458,281,320,254
42049010904,Erie,2019,"Census Tract 109.04, Erie County, Pennsylvania",1825,17,8,17,8,20,22,22,38,55,57,153,158,362,250,228,410
42049010904,Erie,2020,"Census Tract 109.04, Erie County, Pennsylvania",1950,34,7,16,14,22,10,23,41,32,64,124,223,280,245,302,513
42049010904,Erie,2021,"Census Tract 109.04, Erie County, Pennsylvania",1943,34,6,6,14,20,10,19,19,24,64,78,250,256,234,357,552
42049010904,Erie,2022,Census Tract 109.04; Erie County; Pennsylvania,1868,35,6,0,0,7,19,23,10,20,69,92,225,206,211,372,573
42049010904,Erie,2023,Census Tract 109.04; Erie County; Pennsylvania,1868,38,0,0,0,8,20,9,44,63,32,97,186,245,142,434,550
42049011001,Erie,2019,"Census Tract 110.01, Erie County, Pennsylvania",2807,224,26,59,95,72,190,198,228,118,210,244,209,333,326,104,171
42049011001,Erie,2020,"Census Tract 110.01, Erie County, Pennsylvania",2826,185,17,54,189,41,194,166,169,306,121,223,210,347,300,134,170
42049011001,Erie,2021,"Census Tract 110.01, Erie County, Pennsylvania",2861,131,51,38,177,82,193,191,87,104,334,233,287,245,336,122,250
42049011001,Erie,2022,Census Tract 110.01; Erie County; Pennsylvania,2902,65,82,0,59,200,147,187,227,133,351,193,291,291,274,176,226
42049011001,Erie,2023,Census Tract 110.01; Erie County; Pennsylvania,2993,85,85,0,40,137,174,220,173,110,435,231,344,320,239,177,223
42049011002,Erie,2019,"Census Tract 110.02, Erie County, Pennsylvania",2329,308,40,116,179,224,137,59,172,75,125,237,346,151,61,85,14
42049011002,Erie,2020,"Census Tract 110.02, Erie County, Pennsylvania",2175,247,12,135,168,138,112,102,126,91,96,174,391,155,102,112,14
42049011002,Erie,2021,"Census Tract 110.02, Erie County, Pennsylvania",2159,280,13,123,183,74,129,124,132,45,136,150,287,167,88,215,13
42049011002,Erie,2022,Census Tract 110.02; Erie County; Pennsylvania,2077,185,71,65,143,63,155,21,156,54,156,95,343,102,183,258,27
42049011002,Erie,2023,Census Tract 110.02; Erie County; Pennsylvania,2010,203,97,47,132,64,131,75,168,129,117,110,260,133,103,192,49
42049011101,Erie,2019,"Census Tract 111.01, Erie County, Pennsylvania",2338,151,69,85,188,0,126,64,15,35,239,338,412,365,99,83,69
42049011101,Erie,2020,"Census Tract 111.01, Erie County, Pennsylvania",2162,131,57,59,166,29,94,81,30,12,126,350,414,349,75,87,102
42049011101,Erie,2021,"Census Tract 111.01, Erie County, Pennsylvania",2209,109,46,130,185,153,92,28,73,26,162,132,516,242,91,156,68
42049011101,Erie,2022,Census Tract 111.01; Erie County; Pennsylvania,2206,136,31,140,97,125,93,45,146,28,61,277,357,275,129,151,115
42049011101,Erie,2023,Census Tract 111.01; Erie County; Pennsylvania,2176,102,30,71,178,30,123,68,59,100,135,179,307,268,215,184,127
42049011102,Erie,2019,"Census Tract 111.02, Erie County, Pennsylvania",1353,63,45,37,50,58,65,113,12,41,99,162,169,147,54,84,154
42049011102,Erie,2020,"Census Tract 111.02, Erie County, Pennsylvania",1353,62,31,39,97,25,61,84,0,33,89,270,154,135,54,90,129
42049011102,Erie,2021,"Census Tract 111.02, Erie County, Pennsylvania",1332,89,25,41,105,30,23,77,22,18,54,164,228,138,98,81,139
42049011102,Erie,2022,Census Tract 111.02; Erie County; Pennsylvania,1296,106,37,40,20,97,23,38,38,24,53,65,199,208,116,72,160
42049011102,Erie,2023,Census Tract 111.02; Erie County; Pennsylvania,1308,94,11,23,41,73,65,35,70,50,41,95,133,205,92,94,186
42049011201,Erie,2019,"Census Tract 112.01, Erie County, Pennsylvania",1783,10,28,108,46,75,92,105,46,42,176,211,267,251,57,182,87
42049011201,Erie,2020,"Census Tract 112.01, Erie County, Pennsylvania",1694,8,24,98,53,165,69,138,8,68,146,216,178,250,89,111,73
42049011201,Erie,2021,"Census Tract 112.01, Erie County, Pennsylvania",1605,8,33,65,41,131,85,86,50,62,99,182,226,193,159,106,79
42049011201,Erie,2022,Census Tract 112.01; Erie County; Pennsylvania,1614,12,25,15,94,61,134,53,96,37,155,184,216,124,196,162,50
42049011201,Erie,2023,Census Tract 112.01; Erie County; Pennsylvania,1623,28,35,16,85,52,106,74,61,26,109,189,250,164,135,183,110
42049011202,Erie,2019,"Census Tract 112.02, Erie County, Pennsylvania",3048,89,160,27,81,95,194,99,205,135,290,300,260,332,310,245,226
42049011202,Erie,2020,"Census Tract 112.02, Erie County, Pennsylvania",3089,113,152,30,64,127,124,90,249,148,322,419,279,320,274,237,141
42049011202,Erie,2021,"Census Tract 112.02, Erie County, Pennsylvania",2987,79,164,29,59,143,127,35,74,204,238,529,335,284,246,282,159
42049011202,Erie,2022,Census Tract 112.02; Erie County; Pennsylvania,3192,88,145,41,120,122,97,140,77,129,292,531,412,322,187,281,208
42049011202,Erie,2023,Census Tract 112.02; Erie County; Pennsylvania,3356,89,158,40,91,133,254,93,99,78,249,637,507,281,159,206,282
42049011300,Erie,2019,"Census Tract 113, Erie County, Pennsylvania",1379,77,77,104,140,65,110,85,42,8,128,87,203,94,104,0,55
42049011300,Erie,2020,"Census Tract 113, Erie County, Pennsylvania",1367,92,60,97,121,48,112,113,65,0,143,86,262,53,61,0,54
42049011300,Erie,2021,"Census Tract 113, Erie County, Pennsylvania",1361,80,66,97,54,99,94,79,98,11,157,131,187,90,64,0,54
42049011300,Erie,2022,Census Tract 113; Erie County; Pennsylvania,1336,94,60,60,143,66,109,81,69,43,178,110,135,106,52,0,30
42049011300,Erie,2023,Census Tract 113; Erie County; Pennsylvania,1343,96,12,85,96,144,110,58,47,68,177,155,130,69,73,0,23
42049011400,Erie,2019,"Census Tract 114, Erie County, Pennsylvania",1532,31,27,16,69,104,120,56,84,78,212,251,243,144,12,42,43
42049011400,Erie,2020,"Census Tract 114, Erie County, Pennsylvania",1502,49,116,16,66,66,137,76,51,71,150,209,282,102,41,38,32
42049011400,Erie,2021,"Census Tract 114, Erie County, Pennsylvania",1484,44,112,8,76,42,105,96,28,86,111,266,273,67,91,47,32
42049011400,Erie,2022,Census Tract 114; Erie County; Pennsylvania,1497,70,80,36,66,18,40,101,74,26,185,237,157,152,116,110,29
42049011400,Erie,2023,Census Tract 114; Erie County; Pennsylvania,1548,66,88,20,37,61,20,97,45,20,155,297,193,173,95,136,45
42049011503,Erie,2019,"Census Tract 115.03, Erie County, Pennsylvania",1766,67,131,100,96,52,74,114,122,100,122,193,204,104,156,49,82
42049011503,Erie,2020,"Census Tract 115.03, Erie County, Pennsylvania",1672,64,130,77,69,75,52,82,143,91,110,152,227,130,135,71,64
42049011503,Erie,2021,"Census Tract 115.03, Erie County, Pennsylvania",1586,42,125,116,34,87,44,100,54,108,119,123,177,123,142,124,68
42049011503,Erie,2022,Census Tract 115.03; Erie County; Pennsylvania,1583,39,94,82,22,58,67,45,101,66,189,100,211,129,143,170,67
42049011503,Erie,2023,Census Tract 115.03; Erie County; Pennsylvania,1567,38,43,65,21,73,73,23,45,79,168,109,261,169,129,171,100
42049011505,Erie,2019,"Census Tract 115.05, Erie County, Pennsylvania",1061,25,60,83,28,47,27,48,39,10,20,105,308,165,48,41,7
42049011507,Erie,2019,"Census Tract 115.07, Erie County, Pennsylvania",1264,58,22,33,57,8,48,19,28,108,73,90,200,192,100,150,78
42049011508,Erie,2020,"Census Tract 115.08, Erie County, Pennsylvania",2021,34,70,36,127,105,83,40,105,69,179,199,266,369,180,40,119
42049011508,Erie,2021,"Census Tract 115.08, Erie County, Pennsylvania",1953,27,76,14,89,97,59,32,76,91,190,206,263,355,189,64,125
42049011508,Erie,2022,Census Tract 115.08; Erie County; Pennsylvania,1972,48,16,65,68,60,43,40,24,81,168,244,310,337,148,164,156
42049011508,Erie,2023,Census Tract 115.08; Erie County; Pennsylvania,2027,76,7,32,59,73,13,33,11,89,135,155,449,346,169,152,228
42049011509,Erie,2020,"Census Tract 115.09, Erie County, Pennsylvania",1182,102,26,84,18,33,37,50,85,23,32,124,278,154,83,42,11
42049011509,Erie,2021,"Census Tract 115.09, Erie County, Pennsylvania",1118,125,39,50,58,27,35,40,59,16,29,111,175,215,35,89,15
42049011509,Erie,2022,Census Tract 115.09; Erie County; Pennsylvania,1144,139,19,47,89,9,57,26,36,77,59,126,101,162,78,84,35
42049011509,Erie,2023,Census Tract 115.09; Erie County; Pennsylvania,1161,92,55,37,83,25,34,21,64,69,55,129,145,111,113,49,79
42049011510,Erie,2020,"Census Tract 115.10, Erie County, Pennsylvania",1146,55,0,44,60,10,53,0,55,62,93,101,153,149,63,149,99
42049011510,Erie,2021,"Census Tract 115.10, Erie County, Pennsylvania",1089,45,18,34,39,28,40,9,23,79,84,106,201,124,38,122,99
42049011510,Erie,2022,Census Tract 115.10; Erie County; Pennsylvania,1110,29,21,27,46,43,15,22,36,48,98,136,164,140,73,92,120
42049011510,Erie,2023,Census Tract 115.10; Erie County; Pennsylvania,1161,0,26,23,49,65,41,25,25,41,115,97,204,133,94,108,115
42049011511,Erie,2020,"Census Tract 115.11, Erie County, Pennsylvania",231,27,0,41,45,0,0,0,15,0,14,0,0,50,0,39,0
42049011511,Erie,2021,"Census Tract 115.11, Erie County, Pennsylvania",256,79,0,41,43,0,0,0,14,0,0,0,0,28,15,0,36
42049011511,Erie,2022,Census Tract 115.11; Erie County; Pennsylvania,264,97,4,14,0,44,4,0,0,0,0,13,4,15,29,4,36
42049011511,Erie,2023,Census Tract 115.11; Erie County; Pennsylvania,189,57,6,18,0,0,4,0,0,0,4,6,16,23,15,5,35
42049011600,Erie,2019,"Census Tract 116, Erie County, Pennsylvania",1707,147,78,96,79,135,27,116,61,114,158,205,180,97,133,50,31
42049011600,Erie,2020,"Census Tract 116, Erie County, Pennsylvania",1749,167,66,93,58,131,32,89,43,65,166,156,268,120,246,32,17
42049011600,Erie,2021,"Census Tract 116, Erie County, Pennsylvania",1721,124,55,112,57,61,114,80,74,46,228,105,224,132,254,35,20
42049011600,Erie,2022,Census Tract 116; Erie County; Pennsylvania,1692,89,83,110,52,11,105,55,139,31,125,194,223,139,144,171,21
42049011600,Erie,2023,Census Tract 116; Erie County; Pennsylvania,1689,69,104,61,67,32,84,66,93,65,41,214,205,183,164,203,38
42049011701,Erie,2019,"Census Tract 117.01, Erie County, Pennsylvania",1183,26,32,55,27,66,7,41,43,86,46,192,162,125,65,62,148
42049011701,Erie,2020,"Census Tract 117.01, Erie County, Pennsylvania",1172,14,25,28,72,59,0,58,84,93,66,196,140,127,31,68,111
42049011701,Erie,2021,"Census Tract 117.01, Erie County, Pennsylvania",1267,20,39,22,45,112,32,53,135,16,58,219,165,141,27,50,133
42049011701,Erie,2022,Census Tract 117.01; Erie County; Pennsylvania,1299,58,37,32,54,47,70,6,60,117,72,134,205,127,122,15,143
42049011701,Erie,2023,Census Tract 117.01; Erie County; Pennsylvania,1235,57,30,63,38,82,25,37,39,116,52,90,193,136,92,78,107
42049011702,Erie,2019,"Census Tract 117.02, Erie County, Pennsylvania",1942,72,56,22,94,44,55,64,182,141,155,191,344,205,119,139,59
42049011702,Erie,2020,"Census Tract 117.02, Erie County, Pennsylvania",1834,32,50,67,106,40,52,38,132,145,96,260,280,176,191,93,76
42049011702,Erie,2021,"Census Tract 117.02, Erie County, Pennsylvania",1917,7,64,86,80,36,65,40,116,59,167,208,331,253,122,197,86
42049011702,Erie,2022,Census Tract 117.02; Erie County; Pennsylvania,1905,56,49,87,67,53,27,85,26,69,141,251,368,219,136,207,64
42049011702,Erie,2023,Census Tract 117.02; Erie County; Pennsylvania,1966,42,86,17,44,20,57,84,27,47,136,176,528,172,169,312,49
42049011801,Erie,2019,"Census Tract 118.01, Erie County, Pennsylvania",1024,11,42,34,26,64,49,63,46,34,93,160,179,78,23,85,37
42049011801,Erie,2020,"Census Tract 118.01, Erie County, Pennsylvania",1071,12,83,29,22,53,62,55,47,31,129,102,185,79,25,128,29
42049011801,Erie,2021,"Census Tract 118.01, Erie County, Pennsylvania",988,8,59,24,22,25,76,51,51,22,120,101,175,90,32,109,23
42049011801,Erie,2022,Census Tract 118.01; Erie County; Pennsylvania,1019,27,55,18,38,38,25,52,54,33,77,125,175,85,68,122,27
42049011801,Erie,2023,Census Tract 118.01; Erie County; Pennsylvania,989,35,47,17,32,39,29,18,41,23,98,146,142,90,91,118,23
42049011802,Erie,2019,"Census Tract 118.02, Erie County, Pennsylvania",1239,59,31,81,33,72,79,52,59,39,147,147,176,111,68,61,24
42049011802,Erie,2020,"Census Tract 118.02, Erie County, Pennsylvania",1207,51,21,43,53,58,108,54,46,64,122,153,201,98,53,48,34
42049011802,Erie,2021,"Census Tract 118.02, Erie County, Pennsylvania",1153,42,21,51,45,47,96,32,60,57,101,170,160,124,66,46,35
42049011802,Erie,2022,Census Tract 118.02; Erie County; Pennsylvania,1138,24,52,41,48,40,70,37,40,51,104,159,144,140,65,80,43
42049011802,Erie,2023,Census Tract 118.02; Erie County; Pennsylvania,1140,46,38,56,37,34,32,72,11,53,81,160,152,156,84,71,57
42049011900,Erie,2019,"Census Tract 119, Erie County, Pennsylvania",2808,329,231,223,214,218,89,83,86,75,324,395,286,137,56,46,16
42049011900,Erie,2020,"Census Tract 119, Erie County, Pennsylvania",2859,371,194,212,324,216,173,130,63,83,296,251,279,75,61,69,62
42049011900,Erie,2021,"Census Tract 119, Erie County, Pennsylvania",2796,448,122,217,250,76,228,122,110,123,247,298,236,107,45,59,108
42049011900,Erie,2022,Census Tract 119; Erie County; Pennsylvania,3004,379,145,168,359,207,44,162,58,214,265,359,209,205,0,80,150
42049011900,Erie,2023,Census Tract 119; Erie County; Pennsylvania,2897,336,179,185,334,173,95,19,120,387,145,338,172,207,33,71,103
42049012001,Erie,2019,"Census Tract 120.01, Erie County, Pennsylvania",1013,47,29,46,61,48,30,60,53,66,91,107,161,78,58,50,28
42049012001,Erie,2020,"Census Tract 120.01, Erie County, Pennsylvania",1040,32,29,40,44,44,30,50,49,46,120,95,195,96,46,93,31
42049012001,Erie,2021,"Census Tract 120.01, Erie County, Pennsylvania",994,12,48,42,23,49,25,34,31,42,121,96,184,99,71,89,28
42049012001,Erie,2022,Census Tract 120.01; Erie County; Pennsylvania,987,16,34,26,29,16,39,41,25,42,94,112,198,80,80,93,62
42049012001,Erie,2023,Census Tract 120.01; Erie County; Pennsylvania,996,19,24,25,31,25,16,39,45,35,96,122,176,103,63,71,106
42049012002,Erie,2019,"Census Tract 120.02, Erie County, Pennsylvania",1362,202,98,42,57,108,35,43,50,61,146,171,158,82,65,23,21
42049012002,Erie,2020,"Census Tract 120.02, Erie County, Pennsylvania",1393,197,34,93,120,71,50,95,63,41,195,147,128,69,24,26,40
42049012002,Erie,2021,"Census Tract 120.02, Erie County, Pennsylvania",1360,144,74,149,88,33,57,113,55,41,145,222,116,58,27,10,28
42049012002,Erie,2022,Census Tract 120.02; Erie County; Pennsylvania,1357,136,108,138,43,47,91,40,124,22,108,207,133,73,26,0,61
42049012002,Erie,2023,Census Tract 120.02; Erie County; Pennsylvania,1319,113,93,134,56,38,101,62,120,56,75,211,137,45,46,0,32
42049012100,Erie,2019,"Census Tract 121, Erie County, Pennsylvania",2859,170,89,201,115,187,59,130,107,128,311,332,364,300,130,189,47
42049012100,Erie,2020,"Census Tract 121, Erie County, Pennsylvania",3005,169,81,122,94,144,69,126,125,125,261,449,369,310,302,133,126
42049012100,Erie,2021,"Census Tract 121, Erie County, Pennsylvania",2854,158,78,78,130,131,109,95,115,124,247,368,401,269,302,83,166
42049012100,Erie,2022,Census Tract 121; Erie County; Pennsylvania,2954,141,29,41,79,170,158,134,57,206,249,317,467,335,149,243,179
42049012100,Erie,2023,Census Tract 121; Erie County; Pennsylvania,2921,177,26,27,47,167,138,165,54,154,270,275,401,233,254,351,182
42049012201,Erie,2019,"Census Tract 122.01, Erie County, Pennsylvania",2471,127,26,72,41,26,130,118,72,96,226,303,414,195,194,247,184
42049012201,Erie,2020,"Census Tract 122.01, Erie County, Pennsylvania",2404,108,60,61,29,23,199,102,104,126,247,212,424,228,115,156,210
42049012201,Erie,2021,"Census Tract 122.01, Erie County, Pennsylvania",2378,70,62,66,80,28,166,85,99,73,195,258,409,242,111,177,257
42049012201,Erie,2022,Census Tract 122.01; Erie County; Pennsylvania,2352,58,36,65,81,39,146,38,69,120,165,217,354,345,180,166,273
42049012201,Erie,2023,Census Tract 122.01; Erie County; Pennsylvania,2426,48,54,69,55,133,16,172,22,114,196,207,370,321,182,217,250
42049012202,Erie,2019,"Census Tract 122.02, Erie County, Pennsylvania",2009,217,72,111,267,72,139,146,13,110,124,89,335,109,79,98,28
42049012202,Erie,2020,"Census Tract 122.02, Erie County, Pennsylvania",2058,181,45,54,222,191,402,86,55,47,105,119,264,134,63,46,44
42049012202,Erie,2021,"Census Tract 122.02, Erie County, Pennsylvania",1868,245,112,26,129,111,252,103,14,20,102,196,216,151,35,88,68
42049012202,Erie,2022,Census Tract 122.02; Erie County; Pennsylvania,1767,176,193,26,116,75,91,232,41,39,68,183,95,193,71,49,119
42049012202,Erie,2023,Census Tract 122.02; Erie County; Pennsylvania,1916,190,250,69,40,63,108,228,59,31,84,187,155,203,29,64,156
42049012300,Erie,2019,"Census Tract 123, Erie County, Pennsylvania",2268,98,79,161,172,153,84,76,148,84,218,77,328,278,108,51,153
42049012400,Erie,2019,"Census Tract 124, Erie County, Pennsylvania",720,51,24,25,57,68,20,47,71,22,45,49,75,82,42,25,17
42049012400,Erie,2020,"Census Tract 124, Erie County, Pennsylvania",724,51,29,19,72,59,0,15,66,16,30,96,69,104,51,28,19
42049012400,Erie,2021,"Census Tract 124, Erie County, Pennsylvania",687,61,26,18,33,63,12,14,58,17,33,110,71,95,45,20,11
42049012400,Erie,2022,Census Tract 124; Erie County; Pennsylvania,674,24,48,10,38,61,32,21,13,63,35,63,95,56,74,21,20
42049012400,Erie,2023,Census Tract 124; Erie County; Pennsylvania,652,45,31,0,36,25,79,26,7,35,40,40,131,37,66,39,15
42049980109,Erie,2019,"Census Tract 9801.09, Erie County, Pennsylvania",3,0,0,0,0,0,0,0,0,0,0,0,3,0,0,0,0
