name,address,county,state,zip,lat,lon,category,tier,store_type_raw,authorization_date,geocode_source
DOLLAR GENERAL 504,209 Sizerville Rd,CAMERON,PA,15834,41.51018,-78.21959,Full-Service,specialty,Combination Grocery/Other,1/4/2018,usda_historical_2005_2025
Emporium Food Store Llc,441 E 3rd St,CAMERON,PA,15834,41.50956,-78.22741,Full-Service,standard,Supermarket,5/28/2025,usda_historical_2005_2025
ALDI 69050,22827 Route 68,CLARION,PA,16214,41.1965,-79.3912,Full-Service,standard,Supermarket,10/23/2002,usda_historical_2005_2025
Choice 4083,533 E State St,CLARION,PA,16232,41.23431,-79.53631,Convenience & Fuel,convenience,Convenience Store,10/4/2018,usda_historical_2005_2025
Country Fair 36,10315 Route 322,CLARION,PA,16254,41.24289,-79.4258,Convenience & Fuel,convenience,Convenience Store,11/7/1978,usda_historical_2005_2025
County Line Market Llc,3204 Pine Hollow Dr,CLARION,PA,16353,41.42851,-79.36795,Convenience & Fuel,convenience,Convenience Store,1/16/2025,usda_historical_2005_2025
CVS Pharmacy 1680,Main St & 7th Ave (SEC),CLARION,PA,16214,41.21335,-79.38217,Full-Service,specialty,Combination Grocery/Other,4/21/2017,usda_historical_2005_2025
Dollar General 7864,612 Broad St,CLARION,PA,16242,41.00157,-79.32603,Full-Service,specialty,Combination Grocery/Other,8/11/2004,usda_historical_2005_2025
DOLLAR GENERAL 8395,7376 Route 68,CLARION,PA,16248,41.03119,-79.51218,Full-Service,specialty,Combination Grocery/Other,8/11/2004,usda_historical_2005_2025
DOLLAR GENERAL 2229,443 S 5th Ave # 20,CLARION,PA,16214,41.20589,-79.38975,Full-Service,specialty,Combination Grocery/Other,8/11/2004,usda_historical_2005_2025
Dollar General 7865,760 Miller St,CLARION,PA,16232,41.23117,-79.52774,Full-Service,specialty,Combination Grocery/Other,12/7/2004,usda_historical_2005_2025
DOLLAR GENERAL 18318,2337 Rt 157,CLARION,PA,16326,41.35591,-79.44265,Full-Service,specialty,Combination Grocery/Other,12/24/2017,usda_historical_2005_2025
DOLLAR GENERAL 18825,16111 Route 322,CLARION,PA,16214,41.20539,-79.34022,Full-Service,specialty,Combination Grocery/Other,1/4/2018,usda_historical_2005_2025
DOLLAR GENERAL 18812,10728 Route 66,CLARION,PA,16214,41.14768,-79.3259,Full-Service,specialty,Combination Grocery/Other,5/11/2018,usda_historical_2005_2025
DOLLAR GENERAL 18851,10208 Route 322,CLARION,PA,16254,41.24322,-79.42785,Full-Service,specialty,Combination Grocery/Other,6/6/2018,usda_historical_2005_2025
DOLLAR GENERAL 19633,3245 State Route 28 and 66,CLARION,PA,16242,40.97308,-79.35094,Full-Service,specialty,Combination Grocery/Other,8/28/2018,usda_historical_2005_2025
Dollar General 22678,13743 Route 68,CLARION,PA,16255,41.11003,-79.47915,Full-Service,specialty,Combination Grocery/Other,1/13/2022,usda_historical_2005_2025
Dollar General 30882,12693 Route 36,CLARION,PA,16353,41.48444,-79.45316,Full-Service,specialty,Combination Grocery/Other,5/8/2025,usda_historical_2005_2025
Dollar General Store 16801,32925 Route 66,CLARION,PA,16233,41.37102,-79.30296,Full-Service,specialty,Combination Grocery/Other,6/23/2016,usda_historical_2005_2025
Dollar Tree 1078,90 Clarion Plz,CLARION,PA,16214,40.98891,-79.61342,Full-Service,specialty,Combination Grocery/Other,7/12/2014,usda_historical_2005_2025
Emery's Outlet Express,495 Main St,CLARION,PA,16213,41.12621,-79.55682,Full-Service,specialty,Small Grocery Store,2/16/2022,usda_historical_2005_2025
Family Dollar Store 10262,222 Water St,CLARION,PA,16028,40.98987,-79.6115,Full-Service,specialty,Combination Grocery/Other,11/7/2013,usda_historical_2005_2025
HIRSCH'S MEATS,1787 RTE 322BOX #1,CLARION,PA,16331,41.28553,-79.57445,Full-Service,standard,Medium Grocery Store,2/9/1976,usda_historical_2005_2025
Hollenbaugh Hometown Meat Market,15702 Route 322,CLARION,PA,16214,41.20435,-79.34743,Full-Service,specialty,Small Grocery Store,1/23/2020,usda_historical_2005_2025
Jiffy Mini Mart #5,17933 Paint Blvd,CLARION,PA,16254,41.19733,-79.42582,Convenience & Fuel,convenience,Convenience Store,8/8/2022,usda_historical_2005_2025
Kaival Food Mart,401 Main St,CLARION,PA,16214,41.21563,-79.38678,Convenience & Fuel,convenience,Convenience Store,6/17/2025,usda_historical_2005_2025
Kwik Fill 214,22386 Route 68,CLARION,PA,16214,41.19032,-79.39336,Convenience & Fuel,convenience,Convenience Store,11/5/2018,usda_historical_2005_2025
LEEPER MARKET,32836 Route 66,CLARION,PA,16233,41.3702,-79.30432,Full-Service,standard,Large Grocery Store,1/29/1975,usda_historical_2005_2025
M & S MEATS,1353 Brookville St,CLARION,PA,16224,41.00806,-79.31158,Full-Service,specialty,Meat/Poultry Specialty,6/19/1998,usda_historical_2005_2025
O'NEIL'S QUALITY FOODS,10929 Route 322,CLARION,PA,16254,41.23687,-79.41707,Full-Service,standard,Medium Grocery Store,8/4/1989,usda_historical_2005_2025
PALMER'S COUNTRY STORE,10695 Route 66,CLARION,PA,16214,41.14771,-79.32607,Convenience & Fuel,convenience,Convenience Store,5/17/1995,usda_historical_2005_2025
Parker Country Market 0,104 N River Ave,CLARION,PA,16049,41.10199,-79.68179,Full-Service,standard,Supermarket,1/16/2024,usda_historical_2005_2025
PUTNEYVILLE STORE,1047 State Route 1025,CLARION,PA,16242,40.94631,-79.31799,Convenience & Fuel,convenience,Convenience Store,10/22/1997,usda_historical_2005_2025
Sheetz 58,1281 E Main St,CLARION,PA,16214,41.20894,-79.36784,Convenience & Fuel,convenience,Convenience Store,3/28/1979,usda_historical_2005_2025
Sheetz 885,265 Holiday Inn Rd,CLARION,PA,16214,41.19438,-79.39133,Convenience & Fuel,convenience,Convenience Store,6/3/2025,usda_historical_2005_2025
The Sharp Shopper,100 Knox Rd,CLARION,PA,16232,41.21572,-79.53883,Full-Service,standard,Super Store,1/3/2022,usda_historical_2005_2025
Tom s Riverside 773,632 Broad St,CLARION,PA,16242,41.00249,-79.32522,Full-Service,standard,Super Store,4/1/1971,usda_historical_2005_2025
TOM'S RIVERSIDE #775,8868 Route 338,CLARION,PA,16232,41.22951,-79.52847,Full-Service,standard,Supermarket,5/26/1977,usda_historical_2005_2025
TOM'S RIVERSIDE #789,562 Main St,CLARION,PA,16248,41.0419,-79.50269,Full-Service,standard,Large Grocery Store,9/14/1983,usda_historical_2005_2025
University Korner,800 E Main St,CLARION,PA,16214,41.21243,-79.37984,Convenience & Fuel,convenience,Convenience Store,11/16/2016,usda_historical_2005_2025
University Korner N/A,1626 Bald Eagle St,CLARION,PA,16255,41.10819,-79.48985,Convenience & Fuel,convenience,Convenience Store,3/9/2020,usda_historical_2005_2025
University Korner N/A,160 E State St,CLARION,PA,16232,41.23486,-79.52827,Convenience & Fuel,convenience,Convenience Store,3/19/2020,usda_historical_2005_2025
University Korner - Rimersburg N/A,528 Main St,CLARION,PA,16248,41.04146,-79.50304,Convenience & Fuel,convenience,Convenience Store,3/9/2020,usda_historical_2005_2025
Walmart Supercenter 2540,63 Perkins Rd,CLARION,PA,16214,41.18999,-79.39488,Full-Service,standard,Super Store,10/15/1997,usda_historical_2005_2025
ADLERS MKT,1184 Philipsburg Bigler Hwy,CLEARFIELD,PA,16866,40.90517,-78.23486,Full-Service,specialty,Meat/Poultry Specialty,4/1/1971,usda_historical_2005_2025
ALDI 60085 60085,5700 Shaffer Rd,CLEARFIELD,PA,15801,41.12346,-78.72704,Full-Service,standard,Supermarket,12/10/2008,usda_historical_2005_2025
ALETTA'S FARM MARKET,4191 Curwensville Grampian Hwy,CLEARFIELD,PA,16833,40.97673,-78.54981,Full-Service,specialty,Small Grocery Store,9/27/1989,usda_historical_2005_2025
Amish Farmers Market,8908 Clearfield Curwensville Hwy,CLEARFIELD,PA,16830,40.98824,-78.47414,Food & Grocery,farmers_market,Farmers' Market,7/14/2023,usda_historical_2005_2025
BENTON'S MARKET,1272 MARKET STREET,CLEARFIELD,PA,16845,41.12062,-78.11486,Convenience & Fuel,convenience,Convenience Store,9/24/1986,usda_historical_2005_2025
Calliari's Bakery,318 Dubois St,CLEARFIELD,PA,15801,41.12475,-78.76524,Full-Service,specialty,Combination Grocery/Other,12/6/2013,usda_historical_2005_2025
City Market,308 E Market St,CLEARFIELD,PA,16830,41.02244,-78.43592,Convenience & Fuel,convenience,Convenience Store,9/9/2024,usda_historical_2005_2025
Country Butcher Inc.,135 Race St,CLEARFIELD,PA,16830,41.03161,-78.44048,Full-Service,specialty,Meat/Poultry Specialty,7/25/2023,usda_historical_2005_2025
Crick General Store,5789 Glen Hope Blvd,CLEARFIELD,PA,16645,40.79782,-78.50017,Convenience & Fuel,convenience,Convenience Store,11/2/2016,usda_historical_2005_2025
CVS 5709,405 W Dubois Ave,CLEARFIELD,PA,15801,41.12873,-78.76326,Full-Service,specialty,Combination Grocery/Other,1/28/2011,usda_historical_2005_2025
CVS Pharmacy 1919,815 N Front St,CLEARFIELD,PA,16866,40.90215,-78.22947,Full-Service,specialty,Combination Grocery/Other,3/25/2010,usda_historical_2005_2025
CVS Pharmacy 1685,3035 Park Pl,CLEARFIELD,PA,16830,41.02684,-78.43716,Full-Service,specialty,Combination Grocery/Other,2/21/2012,usda_historical_2005_2025
D & G Groceries,5806 Colonel Drake Hwy,CLEARFIELD,PA,15757,40.88742,-78.75213,Convenience & Fuel,convenience,Convenience Store,12/10/2020,usda_historical_2005_2025
DOLLAR GENERAL 3525,705 McAteer St,CLEARFIELD,PA,16651,40.82515,-78.35413,Full-Service,specialty,Combination Grocery/Other,6/29/2004,usda_historical_2005_2025
DOLLAR GENERAL 4123,1677 Dorsey Ave,CLEARFIELD,PA,16656,40.77293,-78.55001,Full-Service,specialty,Combination Grocery/Other,6/29/2004,usda_historical_2005_2025
DOLLAR GENERAL 7737,1120 Bigler Ave,CLEARFIELD,PA,16830,41.02734,-78.42276,Full-Service,specialty,Combination Grocery/Other,6/29/2004,usda_historical_2005_2025
DOLLAR GENERAL 4935,500 State St,CLEARFIELD,PA,16833,40.9757,-78.52748,Full-Service,specialty,Combination Grocery/Other,6/29/2004,usda_historical_2005_2025
Dollar General 9356,1002 S Brady St,CLEARFIELD,PA,15801,41.1054,-78.7713,Full-Service,specialty,Combination Grocery/Other,2/7/2005,usda_historical_2005_2025
Dollar General 10982,5750 Shaffer Rd,CLEARFIELD,PA,15801,41.12443,-78.72665,Full-Service,specialty,Combination Grocery/Other,3/10/2007,usda_historical_2005_2025
Dollar General 15841,1900 Kylertown Drifting Hwy,CLEARFIELD,PA,16847,40.9902,-78.16486,Full-Service,specialty,Combination Grocery/Other,9/10/2015,usda_historical_2005_2025
Dollar General 13907,3925 Walton St,CLEARFIELD,PA,16666,40.85963,-78.26304,Full-Service,specialty,Combination Grocery/Other,9/28/2016,usda_historical_2005_2025
DOLLAR GENERAL 18540,11915 Bennetts Valley Hwy,CLEARFIELD,PA,15849,41.20669,-78.57856,Full-Service,specialty,Combination Grocery/Other,4/9/2018,usda_historical_2005_2025
DOLLAR GENERAL 18823,48 1st St,CLEARFIELD,PA,16838,40.95826,-78.61178,Full-Service,specialty,Combination Grocery/Other,6/7/2018,usda_historical_2005_2025
Dollar General 20053,15760 Rockton Mountain Hwy,CLEARFIELD,PA,16830,41.04447,-78.46014,Full-Service,specialty,Combination Grocery/Other,8/30/2019,usda_historical_2005_2025
Dollar General 20955,2727 Main St,CLEARFIELD,PA,16661,40.82687,-78.43906,Full-Service,specialty,Combination Grocery/Other,1/6/2020,usda_historical_2005_2025
Dollar General 21258,4145 Morrisdale Allport Hwy,CLEARFIELD,PA,16858,40.95066,-78.22249,Full-Service,specialty,Combination Grocery/Other,7/20/2020,usda_historical_2005_2025
Dollar General 21511,1110 Carson Hill Rd,CLEARFIELD,PA,15801,41.06555,-78.73306,Full-Service,specialty,Combination Grocery/Other,11/13/2020,usda_historical_2005_2025
Dollar General 24186,1142 Fullerton St,CLEARFIELD,PA,16830,41.00475,-78.4581,Full-Service,specialty,Combination Grocery/Other,12/29/2022,usda_historical_2005_2025
Dollar General Store 16724,579 Woodland Bigler Hwy,CLEARFIELD,PA,16881,40.9915,-78.30761,Full-Service,specialty,Combination Grocery/Other,7/18/2016,usda_historical_2005_2025
Dollar General Store 10435,124 Walton St,CLEARFIELD,PA,16866,40.89225,-78.22441,Full-Service,specialty,Combination Grocery/Other,5/17/2017,usda_historical_2005_2025
Dollar Tree 2246,170 Plaza Dr,CLEARFIELD,PA,16830,41.02929,-78.41394,Full-Service,specialty,Combination Grocery/Other,9/21/2010,usda_historical_2005_2025
Dollar Tree 2421,160 Commons Dr,CLEARFIELD,PA,15801,41.12538,-78.73159,Full-Service,specialty,Combination Grocery/Other,8/10/2017,usda_historical_2005_2025
Fam Fuels #3,208 Filbert St,CLEARFIELD,PA,16833,40.9736,-78.52708,Convenience & Fuel,convenience,Convenience Store,7/3/2023,usda_historical_2005_2025
Family Dollar 2104,100 N Main St,CLEARFIELD,PA,15801,41.12328,-78.76757,Full-Service,specialty,Combination Grocery/Other,12/12/2019,usda_historical_2005_2025
Family Dollar Store 7087,1100 Old Town Rd,CLEARFIELD,PA,16830,40.82344,-78.70562,Full-Service,specialty,Combination Grocery/Other,5/30/2009,usda_historical_2005_2025
Family Dollar Store 10765,585 Mahaffey Grampian Hwy,CLEARFIELD,PA,15757,40.88198,-78.73365,Full-Service,specialty,Combination Grocery/Other,8/21/2014,usda_historical_2005_2025
FEZELL SAVE-A-LOT 24251,1000 S Brady St,CLEARFIELD,PA,15801,41.10438,-78.77148,Full-Service,standard,Supermarket,8/26/2002,usda_historical_2005_2025
Fuel On,911 Walton St,CLEARFIELD,PA,16866,40.88855,-78.23013,Convenience & Fuel,convenience,Convenience Store,6/8/2020,usda_historical_2005_2025
Giant Eagle 84,100 N Main St,CLEARFIELD,PA,15801,41.12394,-78.76658,Full-Service,standard,Super Store,8/20/2010,usda_historical_2005_2025
"GOODMAN'S FOODLINER, INC",335 State St,CLEARFIELD,PA,16833,40.97515,-78.52485,Full-Service,standard,Supermarket,3/8/1993,usda_historical_2005_2025
GRAMPIAN ONE STOP,522 1st St,CLEARFIELD,PA,16838,40.96439,-78.60931,Convenience & Fuel,convenience,Convenience Store,7/7/2016,usda_historical_2005_2025
Houtzdale Shop N Save Express,541 Spring St,CLEARFIELD,PA,16651,40.82342,-78.3489,Full-Service,standard,Supermarket,3/26/2015,usda_historical_2005_2025
J G Food Warehouse,200 River Rd,CLEARFIELD,PA,16830,41.02807,-78.43916,Full-Service,standard,Supermarket,3/28/2023,usda_historical_2005_2025
Lakeside Market,5667 Bee Line Hwy,CLEARFIELD,PA,15801,41.15887,-78.66782,Convenience & Fuel,convenience,Convenience Store,5/23/2024,usda_historical_2005_2025
Leyos Inc,PO Box 397,CLEARFIELD,PA,16627,40.73448,-78.4893,Full-Service,standard,Supermarket,11/4/1971,usda_historical_2005_2025
Martins Food Market 6325,22 Hoover Ave,CLEARFIELD,PA,15801,41.1191,-78.75603,Full-Service,standard,Supermarket,8/19/2003,usda_historical_2005_2025
Mt. View Market Place,111 Rolling Stone Rd,CLEARFIELD,PA,16847,40.99137,-78.16747,Full-Service,standard,Medium Grocery Store,12/10/2012,usda_historical_2005_2025
Nittany Minit Mart 212,1135 Main St,CLEARFIELD,PA,16627,40.75095,-78.53558,Convenience & Fuel,convenience,Convenience Store,8/16/1990,usda_historical_2005_2025
Nittany Minit Mart 246,40 Woodland Bigler Hwy,CLEARFIELD,PA,16881,40.98497,-78.3017,Convenience & Fuel,convenience,Convenience Store,3/26/2008,usda_historical_2005_2025
Nittany Minit Mart 239,12120 Bennetts Valley Hwy,CLEARFIELD,PA,15849,41.20796,-78.5752,Convenience & Fuel,convenience,Convenience Store,11/19/2008,usda_historical_2005_2025
Nittany Minit Mart 234,3904 Morrisdale Allport Hwy,CLEARFIELD,PA,16858,40.94836,-78.22611,Convenience & Fuel,convenience,Convenience Store,3/17/2016,usda_historical_2005_2025
Nittany Minit Mart 233,3843 Walton St,CLEARFIELD,PA,16666,40.86057,-78.2616,Convenience & Fuel,convenience,Convenience Store,4/6/2016,usda_historical_2005_2025
PALUMBO MEAT MARKET,326 W Long Ave,CLEARFIELD,PA,15801,41.12181,-78.76659,Full-Service,standard,Supermarket,9/7/2016,usda_historical_2005_2025
Philipsburg Hometown Market,1323 Walton St,CLEARFIELD,PA,16866,40.88565,-78.23354,Full-Service,standard,Super Store,10/28/2009,usda_historical_2005_2025
Pilot Travel Center 336,1742 Rich Hwy,CLEARFIELD,PA,15801,41.1408,-78.78377,Convenience & Fuel,convenience,Convenience Store,5/24/2017,usda_historical_2005_2025
Santinoceto's Italian Market,304 N 3rd St,CLEARFIELD,PA,16830,41.02567,-78.43639,Convenience & Fuel,convenience,Convenience Store,6/22/2016,usda_historical_2005_2025
Sapp Bros Travel Center,15196 Clearfield Shawville Hwy,CLEARFIELD,PA,16830,41.04363,-78.39477,Convenience & Fuel,convenience,Convenience Store,7/15/2016,usda_historical_2005_2025
Save-A-Lot,200 Plaza Dr,CLEARFIELD,PA,16830,41.02924,-78.41465,Full-Service,standard,Supermarket,1/14/2022,usda_historical_2005_2025
Sheetz 63,701 E Dubois Ave,CLEARFIELD,PA,15801,41.12513,-78.74229,Convenience & Fuel,convenience,Convenience Store,8/23/1979,usda_historical_2005_2025
Sheetz 73,101 Nichols St,CLEARFIELD,PA,16830,41.0273,-78.44058,Convenience & Fuel,convenience,Convenience Store,12/12/1980,usda_historical_2005_2025
Sheetz 149,124 N Brady St,CLEARFIELD,PA,15801,41.11924,-78.76009,Convenience & Fuel,convenience,Convenience Store,8/7/1987,usda_historical_2005_2025
Sheetz 148,2120 Blinker Pkwy,CLEARFIELD,PA,15801,41.08347,-78.78347,Convenience & Fuel,convenience,Convenience Store,8/7/1987,usda_historical_2005_2025
Sheetz 252,14259 Clearfield Shawville Hwy,CLEARFIELD,PA,16830,41.03414,-78.40444,Convenience & Fuel,convenience,Convenience Store,5/21/1998,usda_historical_2005_2025
Snappy's 11,331 State St,CLEARFIELD,PA,16833,40.97496,-78.52432,Convenience & Fuel,convenience,Convenience Store,2/7/2014,usda_historical_2005_2025
Walmart Supercenter 2129,100 Supercenter Dr,CLEARFIELD,PA,16830,41.03191,-78.40234,Full-Service,standard,Super Store,1/25/1995,usda_historical_2005_2025
Walmart Supercenter 1769,20 Industrial Dr,CLEARFIELD,PA,15801,41.12766,-78.73613,Full-Service,standard,Super Store,11/6/2003,usda_historical_2005_2025
ALDI 69049,16500 Conneaut Lake Rd,CRAWFORD,PA,16335,41.62314,-80.20585,Full-Service,standard,Supermarket,8/16/2002,usda_historical_2005_2025
BUELL'S CORNERS STORE,44467 Buells Corners Rd,CRAWFORD,PA,16434,41.75213,-79.66969,Convenience & Fuel,convenience,Convenience Store,8/9/1989,usda_historical_2005_2025
Cambridge Grocery,110 Railroad St,CRAWFORD,PA,16403,41.80413,-80.05833,Convenience & Fuel,convenience,Convenience Store,12/22/2025,usda_historical_2005_2025
Country Fair 37,515 Main St,CRAWFORD,PA,16433,41.72106,-80.14825,Convenience & Fuel,convenience,Convenience Store,4/11/1979,usda_historical_2005_2025
Country Fair 58,110 W Adams St,CRAWFORD,PA,16314,41.52001,-80.04872,Convenience & Fuel,convenience,Convenience Store,4/12/1983,usda_historical_2005_2025
Country Fair 55,333 North St,CRAWFORD,PA,16335,41.64094,-80.14887,Convenience & Fuel,convenience,Convenience Store,4/21/1989,usda_historical_2005_2025
Country Fair 30,18163 Conneaut Lake Rd,CRAWFORD,PA,16335,41.62085,-80.17364,Convenience & Fuel,convenience,Convenience Store,11/21/1989,usda_historical_2005_2025
Country Fair 45,122 Penn ST,CRAWFORD,PA,16424,41.65646,-80.42518,Convenience & Fuel,convenience,Convenience Store,12/7/2001,usda_historical_2005_2025
"Crawford County Liquidation Depot, LLC",6164 US Highway 6,CRAWFORD,PA,16424,41.6566,-80.40707,Full-Service,standard,Medium Grocery Store,4/4/2024,usda_historical_2005_2025
CVS Pharmacy 5099,392 North St,CRAWFORD,PA,16335,41.63994,-80.14764,Full-Service,specialty,Combination Grocery/Other,5/12/2000,usda_historical_2005_2025
CVS PHARMACY 5097,110 E Central Ave,CRAWFORD,PA,16354,41.62745,-79.67272,Full-Service,specialty,Combination Grocery/Other,6/11/2003,usda_historical_2005_2025
DOLLAR GENERAL 2413,128 W Spring St,CRAWFORD,PA,16354,41.62652,-79.67422,Full-Service,specialty,Combination Grocery/Other,6/29/2004,usda_historical_2005_2025
DOLLAR GENERAL 4964,900 WATER ST-DOWNTOWN MALL,CRAWFORD,PA,16335,41.63869,-80.15562,Full-Service,specialty,Combination Grocery/Other,6/29/2004,usda_historical_2005_2025
DOLLAR GENERAL 2446,11102 Perry Hwy,CRAWFORD,PA,16335,41.61846,-80.2015,Full-Service,specialty,Combination Grocery/Other,6/29/2004,usda_historical_2005_2025
DOLLAR GENERAL 9470,6304 US Highway 6,CRAWFORD,PA,16424,41.65598,-80.40401,Full-Service,specialty,Combination Grocery/Other,9/22/2004,usda_historical_2005_2025
Dollar General 6560,12853 Conneaut Lake Rd,CRAWFORD,PA,16316,41.60825,-80.28086,Full-Service,specialty,Combination Grocery/Other,12/7/2004,usda_historical_2005_2025
Dollar General 6289,742 Venango Ave,CRAWFORD,PA,16403,41.79871,-80.07064,Full-Service,specialty,Combination Grocery/Other,2/7/2005,usda_historical_2005_2025
Dollar General 12873,1801 Highway 285,CRAWFORD,PA,16424,41.60547,-80.48925,Full-Service,specialty,Combination Grocery/Other,8/16/2011,usda_historical_2005_2025
Dollar General 13172,178 N Franklin St,CRAWFORD,PA,16314,41.52618,-80.05346,Full-Service,specialty,Combination Grocery/Other,10/5/2011,usda_historical_2005_2025
Dollar General 12882,533 Main St,CRAWFORD,PA,16433,41.7215,-80.14879,Full-Service,specialty,Combination Grocery/Other,10/6/2011,usda_historical_2005_2025
Dollar General 13022,1901 Main St,CRAWFORD,PA,16404,41.75024,-80.36174,Full-Service,specialty,Combination Grocery/Other,12/9/2011,usda_historical_2005_2025
Dollar General 13230,33912 Highway 408,CRAWFORD,PA,16360,41.67297,-79.87179,Full-Service,specialty,Combination Grocery/Other,9/10/2012,usda_historical_2005_2025
Dollar General 18479,24467 State Highway 8,CRAWFORD,PA,16438,41.81935,-79.80786,Full-Service,specialty,Combination Grocery/Other,10/3/2018,usda_historical_2005_2025
Dollar General 19674,12543 Reed Ave,CRAWFORD,PA,16316,41.63724,-80.31937,Full-Service,specialty,Combination Grocery/Other,1/30/2019,usda_historical_2005_2025
Dollar General 19881,7735 McHenry St,CRAWFORD,PA,16335,41.61119,-80.15269,Full-Service,specialty,Combination Grocery/Other,6/11/2019,usda_historical_2005_2025
Dollar General 19958,6278 Main St,CRAWFORD,PA,16131,41.54507,-80.37727,Full-Service,specialty,Combination Grocery/Other,6/11/2019,usda_historical_2005_2025
Dollar General 22124,155 N Main St,CRAWFORD,PA,16435,41.80456,-80.37083,Full-Service,specialty,Combination Grocery/Other,4/16/2021,usda_historical_2005_2025
Dollar General 23409,2050 W Center Rd,CRAWFORD,PA,16424,41.71315,-80.49007,Full-Service,specialty,Combination Grocery/Other,6/7/2022,usda_historical_2005_2025
Dollar General 30968,17940 Erie St,CRAWFORD,PA,16404,41.72662,-79.76054,Full-Service,specialty,Combination Grocery/Other,6/20/2025,usda_historical_2005_2025
Dollar General 31245,43194 State Highway 77,CRAWFORD,PA,16434,41.80607,-79.70057,Full-Service,specialty,Combination Grocery/Other,9/15/2025,usda_historical_2005_2025
Dollar General Store 16908,24095 State Highway 77,CRAWFORD,PA,16335,41.67297,-80.06101,Full-Service,specialty,Combination Grocery/Other,10/31/2016,usda_historical_2005_2025
Dollar Tree 5425,324 W Central Ave,CRAWFORD,PA,16354,41.6271,-79.67754,Full-Service,specialty,Combination Grocery/Other,4/22/2014,usda_historical_2005_2025
Dollar Tree 942,16039 Conneaut Lake Rd,CRAWFORD,PA,16335,41.62015,-80.21502,Full-Service,specialty,Combination Grocery/Other,4/24/2014,usda_historical_2005_2025
Dollar Tree 7464,1121 Park Ave,CRAWFORD,PA,16335,41.63249,-80.15479,Full-Service,specialty,Combination Grocery/Other,8/9/2018,usda_historical_2005_2025
Family Dollar 8809,18971 Park Avenue Plz,CRAWFORD,PA,16335,41.62261,-80.1623,Full-Service,specialty,Combination Grocery/Other,10/24/2011,usda_historical_2005_2025
Family Dollar 10772,368 Main St,CRAWFORD,PA,16434,41.82417,-79.68537,Full-Service,specialty,Combination Grocery/Other,8/6/2015,usda_historical_2005_2025
Family Dollar 12929,800 Main St,CRAWFORD,PA,16406,41.75878,-80.37051,Full-Service,specialty,Combination Grocery/Other,3/12/2024,usda_historical_2005_2025
GetGo 3288,103 S Perry St,CRAWFORD,PA,16354,41.62669,-79.67747,Convenience & Fuel,convenience,Convenience Store,6/30/2025,usda_historical_2005_2025
Giant Eagle 88,110 S Martin St,CRAWFORD,PA,16354,41.626,-79.67014,Full-Service,standard,Super Store,8/20/2010,usda_historical_2005_2025
Giant Eagle 95,175 Smock Hwy,CRAWFORD,PA,16335,41.6201,-80.16678,Full-Service,standard,Super Store,4/2/2019,usda_historical_2005_2025
Golden Dawn,450 State St,CRAWFORD,PA,16316,41.60191,-80.30711,Full-Service,standard,Supermarket,6/25/2024,usda_historical_2005_2025
Grocery Outlet Of Meadville 781,18993 Park Avenue Plz,CRAWFORD,PA,16335,41.62365,-80.16183,Full-Service,standard,Supermarket,2/14/2025,usda_historical_2005_2025
H & H Market Place,201 Main St,CRAWFORD,PA,16433,41.71477,-80.14636,Full-Service,standard,Supermarket,5/8/1975,usda_historical_2005_2025
Hawks Grocery And Smokehouse,13087 Main St,CRAWFORD,PA,16354,41.65679,-79.7289,Full-Service,standard,Medium Grocery Store,9/10/2013,usda_historical_2005_2025
Hill Top Processing,4908 Fisher Rd,CRAWFORD,PA,16406,41.78513,-80.43423,Full-Service,specialty,Combination Grocery/Other,7/22/2021,usda_historical_2005_2025
Kwik Fill 174,135 N Main St,CRAWFORD,PA,16403,41.80548,-80.05533,Convenience & Fuel,convenience,Convenience Store,7/5/1994,usda_historical_2005_2025
Kwik Fill 166,270 Main St,CRAWFORD,PA,16433,41.71608,-80.14722,Convenience & Fuel,convenience,Convenience Store,11/5/2018,usda_historical_2005_2025
Kwik Fill 393,471 North St,CRAWFORD,PA,16335,41.63968,-80.14448,Convenience & Fuel,convenience,Convenience Store,11/5/2018,usda_historical_2005_2025
Kwik Fill 200,1001 E Spring St,CRAWFORD,PA,16354,41.62641,-79.6547,Convenience & Fuel,convenience,Convenience Store,11/5/2018,usda_historical_2005_2025
Kwik Fill 304,21268 Blooming Valley Rd,CRAWFORD,PA,16335,41.65319,-80.11492,Convenience & Fuel,convenience,Convenience Store,11/5/2018,usda_historical_2005_2025
Kwik Fill 167,275 Linden St,CRAWFORD,PA,16335,41.62978,-80.15494,Convenience & Fuel,convenience,Convenience Store,11/5/2018,usda_historical_2005_2025
Lakeside Meats Inc,11025 State Highway 18,CRAWFORD,PA,16316,41.61549,-80.28886,Full-Service,specialty,Small Grocery Store,7/7/2017,usda_historical_2005_2025
"Last Stop Beverage, Inc",24339 US 322,CRAWFORD,PA,16314,41.53693,-80.07897,Convenience & Fuel,convenience,Convenience Store,12/12/2022,usda_historical_2005_2025
LINCAN FOOD MART,35733 Danner Dr,CRAWFORD,PA,16438,41.80323,-79.8402,Convenience & Fuel,convenience,Convenience Store,4/13/1998,usda_historical_2005_2025
LIVINGSTON QUALITY MEATS,"85 WATER ST., BOX 5181",CRAWFORD,PA,16316,41.60317,-80.30141,Full-Service,specialty,Small Grocery Store,5/20/1998,usda_historical_2005_2025
Malady's Meat Market,19043 Park Avenue Plz,CRAWFORD,PA,16335,41.62378,-80.15979,Full-Service,specialty,Meat/Poultry Specialty,4/24/2024,usda_historical_2005_2025
MARKET PLACE,115 W Adams St,CRAWFORD,PA,16314,41.51995,-80.04871,Full-Service,standard,Large Grocery Store,12/4/1984,usda_historical_2005_2025
MILLER'S COUNTRY STORE,19177 Highway 285,CRAWFORD,PA,16314,41.52639,-80.15031,Full-Service,standard,Medium Grocery Store,5/13/2003,usda_historical_2005_2025
Millers Farm Market,12170 Townline Rd,CRAWFORD,PA,16335,41.63677,-80.0942,Full-Service,standard,Medium Grocery Store,2/17/2015,usda_historical_2005_2025
Quick Stop Food Store 1,324 Pine St,CRAWFORD,PA,16335,41.63488,-80.15176,Convenience & Fuel,convenience,Convenience Store,2/21/2024,usda_historical_2005_2025
Ray s Marketplace,6131 Highway 6,CRAWFORD,PA,16424,41.65498,-80.40763,Full-Service,standard,Large Grocery Store,3/22/1985,usda_historical_2005_2025
Save A Lot 30192,111 Diamond St,CRAWFORD,PA,16354,41.62595,-79.67262,Full-Service,standard,Supermarket,12/1/2025,usda_historical_2005_2025
Sh Food Mart,12211 Lakeside Dr,CRAWFORD,PA,16316,41.61502,-80.2884,Convenience & Fuel,convenience,Convenience Store,11/24/2025,usda_historical_2005_2025
Sheetz 153,18425 Smock Hwy,CRAWFORD,PA,16335,41.62004,-80.16877,Convenience & Fuel,convenience,Convenience Store,11/5/1987,usda_historical_2005_2025
Sheetz 159,315 Water St,CRAWFORD,PA,16316,41.60294,-80.30516,Convenience & Fuel,convenience,Convenience Store,5/5/1988,usda_historical_2005_2025
Sheetz 337,16590 Conneaut Lake Rd,CRAWFORD,PA,16335,41.62297,-80.20483,Convenience & Fuel,convenience,Convenience Store,12/18/2002,usda_historical_2005_2025
Sheetz 502,331 W Central Ave,CRAWFORD,PA,16354,41.62684,-79.67877,Convenience & Fuel,convenience,Convenience Store,4/22/2013,usda_historical_2005_2025
Shree Shakti Inc,16401 Harmonsburg Rd,CRAWFORD,PA,16335,41.64727,-80.20869,Convenience & Fuel,convenience,Convenience Store,2/22/2023,usda_historical_2005_2025
Titusville Market Square,101 N Franklin St,CRAWFORD,PA,16354,41.62726,-79.67382,Convenience & Fuel,convenience,Convenience Store,4/20/2021,usda_historical_2005_2025
Tops Markets 670,144 W Center St,CRAWFORD,PA,16335,41.63988,-80.15585,Full-Service,standard,Supermarket,7/1/1992,usda_historical_2005_2025
VALESKY'S,1044 Water St,CRAWFORD,PA,16335,41.63546,-80.15693,Full-Service,standard,Super Store,7/1/1995,usda_historical_2005_2025
Vernas Discount Grocery,560 Washington St,CRAWFORD,PA,16335,41.64043,-80.14053,Full-Service,standard,Medium Grocery Store,10/3/2023,usda_historical_2005_2025
Walgreens 10837,379 North St,CRAWFORD,PA,16335,41.64058,-80.14767,Full-Service,specialty,Combination Grocery/Other,10/27/2008,usda_historical_2005_2025
Walmart 1656,16086 Conneaut Lake Rd,CRAWFORD,PA,16335,41.62225,-80.21403,Full-Service,standard,Super Store,3/25/1998,usda_historical_2005_2025
Walmart Supercenter 5360,11415 Hydetown Rd,CRAWFORD,PA,16354,41.63377,-79.69634,Full-Service,standard,Super Store,7/1/2005,usda_historical_2005_2025
Winding Creek Farm,24999 Highway 99,CRAWFORD,PA,16403,41.82931,-80.08051,Full-Service,standard,Medium Grocery Store,3/2/2012,usda_historical_2005_2025
ALDI 69032,32 South St. Marys Street,ELK,PA,15857,41.4268,-78.56207,Full-Service,standard,Supermarket,5/16/2023,usda_historical_2005_2025
Corner Market & Deli Inc,421 Main St,ELK,PA,15846,41.36129,-78.61074,Convenience & Fuel,convenience,Convenience Store,9/23/2021,usda_historical_2005_2025
CVS Pharmacy 1686,236 Grant St,ELK,PA,15845,41.48706,-78.67716,Full-Service,specialty,Combination Grocery/Other,3/25/2010,usda_historical_2005_2025
DELULLO'S MARKET,19 John St,ELK,PA,15857,41.43003,-78.55174,Convenience & Fuel,convenience,Convenience Store,5/19/1989,usda_historical_2005_2025
DOLLAR GENERAL 4430,249 Main St,ELK,PA,15853,41.42225,-78.72993,Full-Service,specialty,Combination Grocery/Other,8/11/2004,usda_historical_2005_2025
Dollar General 11928,822 S Saint Marys Rd,ELK,PA,15857,41.41092,-78.56192,Full-Service,specialty,Combination Grocery/Other,10/21/2009,usda_historical_2005_2025
Dollar General 20522,34 Crestview Rd,ELK,PA,15857,41.43129,-78.51839,Full-Service,specialty,Combination Grocery/Other,10/7/2019,usda_historical_2005_2025
Dollar General 24971,4871 Route 219,ELK,PA,15823,41.25625,-78.73064,Full-Service,specialty,Combination Grocery/Other,11/3/2023,usda_historical_2005_2025
Dollar General Store 16972,283 Fairview Rd,ELK,PA,15846,41.36181,-78.59131,Full-Service,specialty,Combination Grocery/Other,6/23/2016,usda_historical_2005_2025
Dollar Tree 1175,867 S Saint Marys St,ELK,PA,15857,41.40961,-78.5606,Full-Service,specialty,Combination Grocery/Other,5/7/2010,usda_historical_2005_2025
"Elk County Foods, Johnsonburg",444 Wilcox Rd,ELK,PA,15845,41.49974,-78.6797,Full-Service,standard,Supermarket,8/10/2011,usda_historical_2005_2025
Elk Crossing 555 General Store,9682 Route 555,ELK,PA,15821,41.31456,-78.38421,Convenience & Fuel,convenience,Convenience Store,3/26/2025,usda_historical_2005_2025
Family Dollar 9304,18429 Bennetts Valley Hwy,ELK,PA,15868,41.26715,-78.49747,Full-Service,specialty,Combination Grocery/Other,7/30/2012,usda_historical_2005_2025
Family Dollar 13295,102 N Broad St,ELK,PA,15853,41.42363,-78.73016,Full-Service,specialty,Combination Grocery/Other,1/6/2023,usda_historical_2005_2025
Family Dollar Store 2439,438 Wilcox Rd,ELK,PA,15845,41.4994,-78.67986,Full-Service,specialty,Combination Grocery/Other,5/29/2009,usda_historical_2005_2025
GetGo 3087,1109 Million Dollar Hwy,ELK,PA,15857,41.39019,-78.55749,Convenience & Fuel,convenience,Convenience Store,6/24/2025,usda_historical_2005_2025
Kwik Fill 187,1040 E Center St,ELK,PA,15845,41.48162,-78.67204,Convenience & Fuel,convenience,Convenience Store,10/30/2018,usda_historical_2005_2025
Nittany Minit Mart 240,770 Washington St,ELK,PA,15857,41.44285,-78.55539,Convenience & Fuel,convenience,Convenience Store,11/19/2008,usda_historical_2005_2025
Nittany Minit Mart 257,6827 Ridgway Johnsonburg Rd,ELK,PA,15845,41.47803,-78.67062,Convenience & Fuel,convenience,Convenience Store,9/23/2024,usda_historical_2005_2025
Pfaffs Market,137 Atlantic St,ELK,PA,15857,41.432,-78.55991,Full-Service,standard,Medium Grocery Store,3/17/2023,usda_historical_2005_2025
Powerfuel And C Store,120 Montmorenci Rd,ELK,PA,15853,41.42165,-78.73846,Convenience & Fuel,convenience,Convenience Store,1/30/2025,usda_historical_2005_2025
Ridgway Elk County Foods,1 Baker Aly,ELK,PA,15853,41.42312,-78.72874,Full-Service,standard,Supermarket,10/5/2001,usda_historical_2005_2025
Save-A-Lot 24691,391 Brusselles St,ELK,PA,15857,41.42827,-78.55408,Full-Service,standard,Supermarket,12/1/2009,usda_historical_2005_2025
Sheetz 96,138 N Broad St,ELK,PA,15853,41.4243,-78.73009,Convenience & Fuel,convenience,Convenience Store,7/28/1983,usda_historical_2005_2025
Sheetz 400,117 S Michael St,ELK,PA,15857,41.42782,-78.55936,Convenience & Fuel,convenience,Convenience Store,6/12/2007,usda_historical_2005_2025
Walmart Supercenter 1792,1102 Million Dollar Hwy,ELK,PA,15857,41.39068,-78.55804,Full-Service,standard,Super Store,11/5/2003,usda_historical_2005_2025
A  A K A Pennsylvania Market 1,3325 Buffalo Rd,ERIE,PA,16510,42.14057,-80.01408,Full-Service,standard,Medium Grocery Store,3/21/2024,usda_historical_2005_2025
A&A Convenience Store,601 W 32nd St,ERIE,PA,16508,42.10185,-80.08385,Convenience & Fuel,convenience,Convenience Store,6/27/2024,usda_historical_2005_2025
Albion Marketplace,23 E State St,ERIE,PA,16401,41.89071,-80.36582,Full-Service,standard,Medium Grocery Store,12/18/2025,usda_historical_2005_2025
ALDI 69020,2647 W 12th St,ERIE,PA,16505,42.10171,-80.1403,Full-Service,standard,Supermarket,6/30/1994,usda_historical_2005_2025
ALDI 69017,4728 Buffalo Rd,ERIE,PA,16510,42.15031,-79.99481,Full-Service,standard,Supermarket,11/28/1994,usda_historical_2005_2025
ALDI 69021,2222 Downs Dr,ERIE,PA,16509,42.04975,-80.08762,Full-Service,standard,Supermarket,11/28/2016,usda_historical_2005_2025
All In One Supermarket,3304 Pine Ave,ERIE,PA,16504,42.11036,-80.05627,Full-Service,specialty,Combination Grocery/Other,12/13/2017,usda_historical_2005_2025
Almadina Supermarket,2325 Parade St,ERIE,PA,16503,42.11693,-80.06618,Full-Service,standard,Medium Grocery Store,10/3/2017,usda_historical_2005_2025
Alnakhla Store 1,2702 Parade St,ERIE,PA,16504,42.11397,-80.06464,Full-Service,specialty,Small Grocery Store,8/2/2022,usda_historical_2005_2025
Art's Bakery,4380 W Ridge Rd,ERIE,PA,16506,42.07562,-80.17522,Full-Service,standard,Medium Grocery Store,5/8/2023,usda_historical_2005_2025
Art's Bakery Harborcreek,4625 Buffalo Rd,ERIE,PA,16510,42.14813,-79.99795,Full-Service,specialty,Bakery Specialty,10/16/2024,usda_historical_2005_2025
Barbs Corner Market,1166 W 26th St,ERIE,PA,16508,42.10275,-80.09904,Convenience & Fuel,convenience,Convenience Store,9/17/2024,usda_historical_2005_2025
Bayfrent Convenience Store,556 W 4th St,ERIE,PA,16507,42.12671,-80.0994,Full-Service,specialty,Small Grocery Store,3/9/2011,usda_historical_2005_2025
BELLO'S SHURFINE,2650 W 8th St,ERIE,PA,16505,42.1058,-80.14275,Full-Service,standard,Supermarket,1/14/1977,usda_historical_2005_2025
Bfa Mart Llc,1511 W 38th St,ERIE,PA,16508,42.0898,-80.0979,Full-Service,standard,Medium Grocery Store,10/17/2022,usda_historical_2005_2025
Big B Melody 2,1402 E Lake Rd,ERIE,PA,16507,42.14111,-80.05547,Convenience & Fuel,convenience,Convenience Store,5/28/2025,usda_historical_2005_2025
Big B Shines 1,624 West 8th St,ERIE,PA,16502,42.12241,-80.09831,Convenience & Fuel,convenience,Convenience Store,11/7/2024,usda_historical_2005_2025
Buffalo Speed Check 1,2267 Buffalo Rd,ERIE,PA,16510,42.13479,-80.02658,Convenience & Fuel,convenience,Convenience Store,5/16/2023,usda_historical_2005_2025
Cherry Speed Check,607 W 18th St,ERIE,PA,16502,42.11316,-80.09152,Convenience & Fuel,convenience,Convenience Store,7/25/2022,usda_historical_2005_2025
Cherry Speed Check 2 1,563 W 26th St,ERIE,PA,16508,42.1069,-80.08649,Convenience & Fuel,convenience,Convenience Store,9/16/2024,usda_historical_2005_2025
Chestnut St Market,363 W 29th St,ERIE,PA,16508,42.10658,-80.07978,Convenience & Fuel,convenience,Convenience Store,3/17/2025,usda_historical_2005_2025
Circle K 4704216,3327 Pine Ave,ERIE,PA,16504,42.11032,-80.05595,Convenience & Fuel,convenience,Convenience Store,4/1/1971,usda_historical_2005_2025
Circle K 4704215,52 S Lake St,ERIE,PA,16428,42.2146,-79.83508,Convenience & Fuel,convenience,Convenience Store,3/15/1976,usda_historical_2005_2025
Circle K 4704212,830 Route 19 N,ERIE,PA,16441,42.00223,-80.03539,Convenience & Fuel,convenience,Convenience Store,9/16/1996,usda_historical_2005_2025
City Fresh & Fast Mart Llc 1,155 E 25th St,ERIE,PA,16503,42.11375,-80.07149,Full-Service,specialty,Combination Grocery/Other,7/6/2022,usda_historical_2005_2025
Country Fair 2,957 E 26th St,ERIE,PA,16504,42.11998,-80.05162,Convenience & Fuel,convenience,Convenience Store,4/1/1971,usda_historical_2005_2025
Country Fair 72,2905 Buffalo Rd,ERIE,PA,16510,42.13904,-80.01687,Convenience & Fuel,convenience,Convenience Store,10/4/1971,usda_historical_2005_2025
Country Fair 14,3501 W 38th St,ERIE,PA,16506,42.07286,-80.14605,Convenience & Fuel,convenience,Convenience Store,11/21/1972,usda_historical_2005_2025
Country Fair 3,347 E 12th St,ERIE,PA,16503,42.1261,-80.0731,Convenience & Fuel,convenience,Convenience Store,12/17/1976,usda_historical_2005_2025
Country Fair 31,406 N Center St,ERIE,PA,16407,41.92561,-79.64106,Convenience & Fuel,convenience,Convenience Store,6/14/1977,usda_historical_2005_2025
Country Fair 59,4526 Pine Ave,ERIE,PA,16504,42.10637,-80.03441,Convenience & Fuel,convenience,Convenience Store,11/9/1984,usda_historical_2005_2025
Country Fair 1,1939 W 8th St,ERIE,PA,16505,42.11144,-80.12733,Convenience & Fuel,convenience,Convenience Store,10/4/1985,usda_historical_2005_2025
Country Fair 49,5008 Peach St,ERIE,PA,16509,42.08091,-80.09095,Convenience & Fuel,convenience,Convenience Store,6/14/1986,usda_historical_2005_2025
Country Fair 50,2266 E 38th St,ERIE,PA,16510,42.12069,-80.01679,Convenience & Fuel,convenience,Convenience Store,7/28/1986,usda_historical_2005_2025
Country Fair 38,1810 Sassafras St,ERIE,PA,16502,42.11693,-80.08159,Convenience & Fuel,convenience,Convenience Store,9/2/1987,usda_historical_2005_2025
Country Fair 84,7400 Peach St,ERIE,PA,16509,42.05278,-80.08516,Convenience & Fuel,convenience,Convenience Store,12/15/1987,usda_historical_2005_2025
Country Fair 81,1564 W 26th St,ERIE,PA,16508,42.09919,-80.10809,Convenience & Fuel,convenience,Convenience Store,3/30/1988,usda_historical_2005_2025
Country Fair 95,76 N Main St,ERIE,PA,16438,41.90185,-79.84565,Convenience & Fuel,convenience,Convenience Store,6/17/1988,usda_historical_2005_2025
Country Fair 42,128 E Plum St,ERIE,PA,16412,41.8754,-80.12835,Convenience & Fuel,convenience,Convenience Store,8/29/1988,usda_historical_2005_2025
Country Fair 56,4753 Buffalo Rd,ERIE,PA,16510,42.15038,-79.99454,Convenience & Fuel,convenience,Convenience Store,10/12/1988,usda_historical_2005_2025
Country Fair 98,7650 Old Perry Hwy,ERIE,PA,16509,42.07127,-80.04185,Convenience & Fuel,convenience,Convenience Store,3/27/1989,usda_historical_2005_2025
Country Fair 83,810 East Ave,ERIE,PA,16503,42.13557,-80.0617,Convenience & Fuel,convenience,Convenience Store,5/2/1989,usda_historical_2005_2025
Country Fair 33,1904 E Lake Rd,ERIE,PA,16511,42.14545,-80.04303,Convenience & Fuel,convenience,Convenience Store,5/5/1989,usda_historical_2005_2025
Country Fair 48,5866 Station Rd,ERIE,PA,16510,42.1199,-79.96597,Convenience & Fuel,convenience,Convenience Store,8/8/1989,usda_historical_2005_2025
Country Fair 25,5838 Wattsburg Rd,ERIE,PA,16509,42.0955,-80.00875,Convenience & Fuel,convenience,Convenience Store,12/21/1989,usda_historical_2005_2025
Country Fair 27,2301 Peninsula Dr,ERIE,PA,16506,42.09019,-80.13924,Convenience & Fuel,convenience,Convenience Store,8/23/1991,usda_historical_2005_2025
Country Fair 32,5211 E Lake Rd,ERIE,PA,16511,42.17013,-79.99788,Convenience & Fuel,convenience,Convenience Store,8/7/1992,usda_historical_2005_2025
Country Fair 40,2617 W 26th St,ERIE,PA,16506,42.08995,-80.13147,Convenience & Fuel,convenience,Convenience Store,7/8/1993,usda_historical_2005_2025
Country Fair 18,7495 W Ridge Rd,ERIE,PA,16415,42.03159,-80.25528,Convenience & Fuel,convenience,Convenience Store,8/25/1994,usda_historical_2005_2025
Country Fair 43,3826 Peach St,ERIE,PA,16509,42.09595,-80.08234,Convenience & Fuel,convenience,Convenience Store,10/26/1994,usda_historical_2005_2025
Country Fair 26,2 W State St,ERIE,PA,16401,41.89085,-80.36662,Convenience & Fuel,convenience,Convenience Store,1/27/1995,usda_historical_2005_2025
Country Fair 35,4646 W 12th St,ERIE,PA,16505,42.08192,-80.18652,Convenience & Fuel,convenience,Convenience Store,11/24/1995,usda_historical_2005_2025
Country Fair 46,9030 Main St,ERIE,PA,16426,41.99599,-80.14373,Convenience & Fuel,convenience,Convenience Store,1/30/1996,usda_historical_2005_2025
Country Fair 29,308 Main St W,ERIE,PA,16417,41.99933,-80.32055,Convenience & Fuel,convenience,Convenience Store,2/5/1998,usda_historical_2005_2025
Country Fair 66,2500 Zimmerly Rd,ERIE,PA,16506,42.06559,-80.11355,Convenience & Fuel,convenience,Convenience Store,9/22/1998,usda_historical_2005_2025
Country Fair 12,430 High St,ERIE,PA,16441,41.94419,-79.98539,Convenience & Fuel,convenience,Convenience Store,9/15/2000,usda_historical_2005_2025
Country Fair 65,8080 Peach St,ERIE,PA,16509,42.04801,-80.07972,Convenience & Fuel,convenience,Convenience Store,9/27/2000,usda_historical_2005_2025
Country Fair 41,5985 Route 6N,ERIE,PA,16412,41.87935,-80.17188,Convenience & Fuel,convenience,Convenience Store,6/29/2001,usda_historical_2005_2025
Country Fair 61,1449 W 8th St,ERIE,PA,16502,42.11583,-80.11531,Convenience & Fuel,convenience,Convenience Store,10/5/2001,usda_historical_2005_2025
Country Fair 102,170 W Main St,ERIE,PA,16428,42.21193,-79.84605,Convenience & Fuel,convenience,Convenience Store,11/18/2002,usda_historical_2005_2025
Country Fair 101,3116 W 26th St,ERIE,PA,16506,42.08631,-80.14253,Convenience & Fuel,convenience,Convenience Store,11/18/2002,usda_historical_2005_2025
Country Fair 73,2841 W 12th St,ERIE,PA,16505,42.09959,-80.14463,Convenience & Fuel,convenience,Convenience Store,2/5/2005,usda_historical_2005_2025
Country Fair 91,803 Brown Ave,ERIE,PA,16502,42.10979,-80.09378,Convenience & Fuel,convenience,Convenience Store,8/12/2005,usda_historical_2005_2025
Country Fair 90,2525 State St,ERIE,PA,16503,42.11217,-80.07369,Convenience & Fuel,convenience,Convenience Store,8/12/2005,usda_historical_2005_2025
Country Fair 57,4816 Buffalo Rd,ERIE,PA,16510,42.15074,-79.99396,Convenience & Fuel,convenience,Convenience Store,4/9/2020,usda_historical_2005_2025
Country Fair Flagship 20,32 N Park Row,ERIE,PA,16501,42.12976,-80.08683,Convenience & Fuel,convenience,Convenience Store,3/14/2025,usda_historical_2005_2025
Crosby's 40042,8024 Peach St,ERIE,PA,16509,42.04869,-80.08048,Convenience & Fuel,convenience,Convenience Store,6/28/2010,usda_historical_2005_2025
Crosby's 40043,8030 Perry Hwy,ERIE,PA,16509,42.06887,-80.03915,Convenience & Fuel,convenience,Convenience Store,6/28/2010,usda_historical_2005_2025
Crosby's 40045,247 E Main St,ERIE,PA,16407,41.92134,-79.63546,Convenience & Fuel,convenience,Convenience Store,6/28/2010,usda_historical_2005_2025
Crosby's 40053,13580 Route 8 89,ERIE,PA,16442,42.02323,-79.81797,Convenience & Fuel,convenience,Convenience Store,6/19/2019,usda_historical_2005_2025
CVS PHARMACY 4082,410 E 12th St,ERIE,PA,16503,42.12727,-80.07236,Full-Service,specialty,Combination Grocery/Other,9/6/2002,usda_historical_2005_2025
CVS PHARMACY 3168,3800 Pine Ave,ERIE,PA,16504,42.10824,-80.04917,Full-Service,specialty,Combination Grocery/Other,2/26/2003,usda_historical_2005_2025
CVS PHARMACY 5088,118 W Main St,ERIE,PA,16428,42.21361,-79.84268,Full-Service,specialty,Combination Grocery/Other,6/11/2003,usda_historical_2005_2025
CVS PHARMACY 2346,3750 Sterrettania Rd,ERIE,PA,16506,42.07421,-80.14431,Full-Service,specialty,Combination Grocery/Other,6/11/2003,usda_historical_2005_2025
CVS PHARMACY 2678,1111 Peninsula Dr,ERIE,PA,16505,42.10005,-80.14574,Full-Service,specialty,Combination Grocery/Other,6/11/2003,usda_historical_2005_2025
CVS Pharmacy 5095,124 Erie St,ERIE,PA,16412,41.87545,-80.13128,Full-Service,specialty,Combination Grocery/Other,3/25/2010,usda_historical_2005_2025
CVS Pharmacy 7684,1535 W 26th St,ERIE,PA,16508,42.09991,-80.10608,Full-Service,specialty,Combination Grocery/Other,3/26/2010,usda_historical_2005_2025
CVS Pharmacy 11421,1216 W 6th St,ERIE,PA,16507,42.11983,-80.11143,Full-Service,specialty,Combination Grocery/Other,12/14/2019,usda_historical_2005_2025
CVS/Pharmacy 5098,330 W Columbus Ave,ERIE,PA,16407,41.93403,-79.65372,Full-Service,specialty,Combination Grocery/Other,7/20/2023,usda_historical_2005_2025
Darshan Friendly Mart NA,2244 Broad St,ERIE,PA,16503,42.12535,-80.04449,Full-Service,standard,Medium Grocery Store,10/20/2023,usda_historical_2005_2025
DOLLAR GENERAL 7600,3785 Zimmerman Rd,ERIE,PA,16510,42.11814,-80.02493,Full-Service,specialty,Combination Grocery/Other,6/29/2004,usda_historical_2005_2025
DOLLAR GENERAL 7108,10670 W Main Rd,ERIE,PA,16428,42.21031,-79.85025,Full-Service,specialty,Combination Grocery/Other,6/29/2004,usda_historical_2005_2025
DOLLAR GENERAL 1335,714 East Ave,ERIE,PA,16503,42.13607,-80.06245,Full-Service,specialty,Combination Grocery/Other,6/29/2004,usda_historical_2005_2025
Dollar General 9037,1501 W 38th St,ERIE,PA,16508,42.0898,-80.09789,Full-Service,specialty,Combination Grocery/Other,6/29/2004,usda_historical_2005_2025
DOLLAR GENERAL 7910,2603 W 26th St,ERIE,PA,16506,42.0893,-80.13119,Full-Service,specialty,Combination Grocery/Other,6/29/2004,usda_historical_2005_2025
DOLLAR GENERAL 1495,10541 Route 6N,ERIE,PA,16401,41.89094,-80.35103,Full-Service,specialty,Combination Grocery/Other,6/29/2004,usda_historical_2005_2025
DOLLAR GENERAL 7705,5051 Peach St,ERIE,PA,16509,42.08038,-80.08979,Full-Service,specialty,Combination Grocery/Other,6/29/2004,usda_historical_2005_2025
DOLLAR GENERAL 4965,2315 W 12th St,ERIE,PA,16505,42.10416,-80.13367,Full-Service,specialty,Combination Grocery/Other,6/29/2004,usda_historical_2005_2025
Dollar General 7151,824 State St,ERIE,PA,16501,42.12658,-80.08398,Full-Service,specialty,Combination Grocery/Other,6/29/2004,usda_historical_2005_2025
DOLLAR GENERAL 4653,12674 Route 19 S,ERIE,PA,16441,41.93504,-79.98097,Full-Service,specialty,Combination Grocery/Other,6/29/2004,usda_historical_2005_2025
DOLLAR GENERAL 2132,406 E Main St,ERIE,PA,16407,41.9213,-79.63345,Full-Service,specialty,Combination Grocery/Other,6/29/2004,usda_historical_2005_2025
DOLLAR GENERAL 0270,1700 Peach St,ERIE,PA,16501,42.1187,-80.08128,Full-Service,specialty,Combination Grocery/Other,6/29/2004,usda_historical_2005_2025
DOLLAR GENERAL 4826,4669 Buffalo Rd,ERIE,PA,16510,42.14915,-79.997,Full-Service,specialty,Combination Grocery/Other,6/29/2004,usda_historical_2005_2025
DOLLAR GENERAL 9655,605 Main St E,ERIE,PA,16417,42.00529,-80.30945,Full-Service,specialty,Combination Grocery/Other,9/22/2004,usda_historical_2005_2025
Dollar General 9327,3759 W 12th St,ERIE,PA,16505,42.09151,-80.16657,Full-Service,specialty,Combination Grocery/Other,2/7/2005,usda_historical_2005_2025
Dollar General 10312,220 W Plum St,ERIE,PA,16412,41.8777,-80.13454,Full-Service,specialty,Combination Grocery/Other,11/14/2005,usda_historical_2005_2025
Dollar General 10797,16320 Route 8,ERIE,PA,16438,41.88948,-79.84727,Full-Service,specialty,Combination Grocery/Other,9/25/2007,usda_historical_2005_2025
DOLLAR GENERAL 13937,5212 West Rd,ERIE,PA,16426,41.997,-80.14906,Full-Service,specialty,Combination Grocery/Other,4/1/2013,usda_historical_2005_2025
DOLLAR GENERAL 14210,4682 E Lake Rd,ERIE,PA,16511,42.16509,-80.00664,Full-Service,specialty,Combination Grocery/Other,7/1/2013,usda_historical_2005_2025
Dollar General 14462,13970 State Route 8,ERIE,PA,16442,42.01325,-79.81573,Full-Service,specialty,Combination Grocery/Other,1/9/2014,usda_historical_2005_2025
Dollar General 24702,405 W Columbus Ave,ERIE,PA,16407,41.93445,-79.65843,Full-Service,specialty,Combination Grocery/Other,1/9/2014,usda_historical_2005_2025
Dollar General 15315,7538 W Ridge Rd,ERIE,PA,16415,42.03062,-80.25633,Full-Service,specialty,Combination Grocery/Other,3/4/2014,usda_historical_2005_2025
Dollar General 15290,406 E 26th St,ERIE,PA,16504,42.1152,-80.06476,Full-Service,specialty,Combination Grocery/Other,3/11/2014,usda_historical_2005_2025
Dollar General 16852,8214 Perry Hwy,ERIE,PA,16509,42.06473,-80.03519,Full-Service,specialty,Combination Grocery/Other,9/19/2016,usda_historical_2005_2025
DOLLAR GENERAL 18426,13777 Ridge Rd,ERIE,PA,16443,41.94643,-80.47327,Full-Service,specialty,Combination Grocery/Other,6/6/2018,usda_historical_2005_2025
DOLLAR GENERAL 18488,4972 Wattsburg Rd,ERIE,PA,16504,42.1037,-80.02941,Full-Service,specialty,Combination Grocery/Other,6/19/2018,usda_historical_2005_2025
Dollar General 19584,8948 Wattsburg Rd,ERIE,PA,16509,42.07217,-79.98364,Full-Service,specialty,Combination Grocery/Other,2/19/2019,usda_historical_2005_2025
Dollar General 23983,2405 Buffalo Rd,ERIE,PA,16510,42.13631,-80.02371,Full-Service,specialty,Combination Grocery/Other,7/20/2022,usda_historical_2005_2025
Dollar General 24932,5658 Station Rd,ERIE,PA,16428,42.18991,-79.83423,Full-Service,specialty,Combination Grocery/Other,6/16/2023,usda_historical_2005_2025
Dollar General 25224,4203 W Ridge Rd,ERIE,PA,16506,42.07734,-80.16953,Full-Service,specialty,Combination Grocery/Other,6/16/2023,usda_historical_2005_2025
Dollar General 24933,11224 Route 19 N,ERIE,PA,16441,41.9759,-80.01028,Full-Service,specialty,Combination Grocery/Other,7/27/2023,usda_historical_2005_2025
Dollar General 24934,Edinboro Rd,ERIE,PA,16412,41.91541,-80.12501,Full-Service,specialty,Combination Grocery/Other,9/5/2023,usda_historical_2005_2025
Dollar General 25587,2315 W 38th St,ERIE,PA,16506,42.08276,-80.11894,Full-Service,specialty,Combination Grocery/Other,12/27/2023,usda_historical_2005_2025
Dollar General 24519,8207 Meadville Rd,ERIE,PA,16417,41.95844,-80.33791,Full-Service,specialty,Combination Grocery/Other,6/3/2024,usda_historical_2005_2025
Dollar General 30184,2570 Zimmerly Rd,ERIE,PA,16506,42.06488,-80.11563,Full-Service,specialty,Combination Grocery/Other,8/1/2024,usda_historical_2005_2025
Dollar General 30272,8181 W Avonia Rd,ERIE,PA,16415,41.9979,-80.23416,Full-Service,specialty,Combination Grocery/Other,12/29/2025,usda_historical_2005_2025
Dollar General Store 16722,1462 Lake St,ERIE,PA,16423,42.02022,-80.34528,Full-Service,specialty,Combination Grocery/Other,10/22/2015,usda_historical_2005_2025
Dollar Tree 2153,3604 Buffalo Rd,ERIE,PA,16510,42.14206,-80.01147,Full-Service,specialty,Combination Grocery/Other,7/21/2006,usda_historical_2005_2025
Dollar Tree 1862,3708 Liberty St,ERIE,PA,16508,42.09644,-80.08562,Full-Service,specialty,Combination Grocery/Other,8/5/2006,usda_historical_2005_2025
Dollar Tree 6565,9149 Ridge Rd,ERIE,PA,16417,42.00827,-80.30125,Full-Service,specialty,Combination Grocery/Other,6/11/2009,usda_historical_2005_2025
Dollar Tree 6715,2036 E 38th St,ERIE,PA,16510,42.1188,-80.02377,Full-Service,specialty,Combination Grocery/Other,6/13/2009,usda_historical_2005_2025
Dollar Tree 4659,2211 W 12th St,ERIE,PA,16505,42.10375,-80.13108,Full-Service,specialty,Combination Grocery/Other,6/28/2011,usda_historical_2005_2025
Dollar Tree 426,1914 Keystone Dr,ERIE,PA,16509,42.05806,-80.08562,Full-Service,specialty,Combination Grocery/Other,10/11/2011,usda_historical_2005_2025
Dollar Tree 6152,954 E 26th St,ERIE,PA,16504,42.12001,-80.05174,Full-Service,specialty,Combination Grocery/Other,1/14/2016,usda_historical_2005_2025
Dollar Tree 7289,206 W Broadway,ERIE,PA,16412,41.88121,-80.15548,Full-Service,specialty,Combination Grocery/Other,7/7/2017,usda_historical_2005_2025
DOLLARTREE 8540,4234 W Ridge Rd,ERIE,PA,16506,42.07744,-80.17086,Full-Service,specialty,Combination Grocery/Other,10/8/2021,usda_historical_2005_2025
DOLLARTREE 10289,1520 W 26th St,ERIE,PA,16508,42.1011,-80.10478,Full-Service,specialty,Combination Grocery/Other,8/26/2025,usda_historical_2005_2025
DOLLARTREE 10322,2070 Interchange Rd.,ERIE,PA,16565,42.06551,-80.10049,Full-Service,specialty,Combination Grocery/Other,11/18/2025,usda_historical_2005_2025
East Avenue Speed Check,1001 East Ave,ERIE,PA,16503,42.13349,-80.06021,Convenience & Fuel,convenience,Convenience Store,3/23/2017,usda_historical_2005_2025
East Lake Speed Check 2,1150 E Lake Rd,ERIE,PA,16507,42.13977,-80.05927,Convenience & Fuel,convenience,Convenience Store,6/18/2020,usda_historical_2005_2025
"Edinboro Market, Inc.",109 Erie St,ERIE,PA,16412,41.87471,-80.13259,Full-Service,specialty,Small Grocery Store,9/27/2021,usda_historical_2005_2025
Edinboro Standalone Supermarket 2470,606 Erie St,ERIE,PA,16412,41.88895,-80.12645,Full-Service,standard,Super Store,4/10/2006,usda_historical_2005_2025
Erie Convenaice Store Llc,363 W 4th St,ERIE,PA,16507,42.12822,-80.09483,Convenience & Fuel,convenience,Convenience Store,2/20/2025,usda_historical_2005_2025
Europa Delicatessen,2404 Peach St,ERIE,PA,16502,42.11289,-80.07628,Full-Service,specialty,Combination Grocery/Other,3/3/2008,usda_historical_2005_2025
Fadak International Food Market,2601 Parade St,ERIE,PA,16504,42.11507,-80.06471,Full-Service,specialty,Combination Grocery/Other,7/22/2020,usda_historical_2005_2025
Family Dollar 8316,2184 W 12th St,ERIE,PA,16505,42.10543,-80.13051,Full-Service,specialty,Combination Grocery/Other,4/29/2010,usda_historical_2005_2025
Family Dollar 11810,450 W 8th St,ERIE,PA,16502,42.12368,-80.09434,Full-Service,specialty,Combination Grocery/Other,7/21/2016,usda_historical_2005_2025
Family Dollar Store 1780,155 E 12th St,ERIE,PA,16501,42.12478,-80.07764,Full-Service,specialty,Combination Grocery/Other,6/3/2009,usda_historical_2005_2025
Family Dollar Store 1760,2226 Broad St,ERIE,PA,16503,42.12535,-80.04449,Full-Service,specialty,Combination Grocery/Other,6/3/2009,usda_historical_2005_2025
Family Dollar Store 2784,370 W Columbus Ave,ERIE,PA,16407,41.93393,-79.65435,Full-Service,specialty,Combination Grocery/Other,6/11/2009,usda_historical_2005_2025
Family Dollar Store 2894,149 W Main St,ERIE,PA,16428,42.21277,-79.84419,Full-Service,specialty,Combination Grocery/Other,6/11/2009,usda_historical_2005_2025
Family Dollar Store 3529,1530 W 26th St,ERIE,PA,16508,42.09997,-80.10753,Full-Service,specialty,Combination Grocery/Other,6/12/2009,usda_historical_2005_2025
Family Dollar Store 5910,2307 State St,ERIE,PA,16503,42.1144,-80.07481,Full-Service,specialty,Combination Grocery/Other,6/13/2009,usda_historical_2005_2025
Fresh Asian Minimart Llc 1,837 W 38th St,ERIE,PA,16508,42.09535,-80.08517,Full-Service,standard,Medium Grocery Store,2/21/2020,usda_historical_2005_2025
Galaxy Food Mart,1001 State St,ERIE,PA,16501,42.12544,-80.08205,Convenience & Fuel,convenience,Convenience Store,8/24/2021,usda_historical_2005_2025
Galaxy Food Mart 2,1010 State St,ERIE,PA,16501,42.12504,-80.08272,Convenience & Fuel,convenience,Convenience Store,4/10/2023,usda_historical_2005_2025
Garys Variety,2521 Buffalo Rd,ERIE,PA,16510,42.13734,-80.0215,Convenience & Fuel,convenience,Convenience Store,5/8/2018,usda_historical_2005_2025
GetGo,4307 Buffalo Road,ERIE,PA,16510,42.14513,-80.00407,Convenience & Fuel,convenience,Convenience Store,6/24/2025,usda_historical_2005_2025
GetGo 3050,8300 W Ridge Rd,ERIE,PA,16417,42.0223,-80.27379,Convenience & Fuel,convenience,Convenience Store,6/24/2025,usda_historical_2005_2025
GetGo 3090,6005 Knowledge Pkwy,ERIE,PA,16510,42.11864,-79.96571,Convenience & Fuel,convenience,Convenience Store,6/24/2025,usda_historical_2005_2025
GetGo 3202,1655 W Bayfront Pkwy,ERIE,PA,16501,42.11098,-80.1187,Convenience & Fuel,convenience,Convenience Store,6/30/2025,usda_historical_2005_2025
GetGo 3237,6400 Peach St,ERIE,PA,16509,42.05906,-80.09335,Convenience & Fuel,convenience,Convenience Store,6/30/2025,usda_historical_2005_2025
Ggs Management Inc,1505 Buffalo Rd,ERIE,PA,16510,42.12915,-80.04238,Convenience & Fuel,convenience,Convenience Store,7/25/2023,usda_historical_2005_2025
Giant Eagle 4050,9125 W Ridge Rd,ERIE,PA,16417,42.00966,-80.30242,Full-Service,standard,Super Store,11/18/1982,usda_historical_2005_2025
Giant Eagle 4038,4265 Buffalo Rd,ERIE,PA,16510,42.14367,-80.00419,Full-Service,standard,Super Store,11/19/1982,usda_historical_2005_2025
Giant Eagle 4093,2501 W  12th St,ERIE,PA,16505,42.10294,-80.13697,Full-Service,standard,Super Store,4/26/1992,usda_historical_2005_2025
Giant Eagle 4237,2067 Interchange Rd,ERIE,PA,16509,42.06472,-80.10171,Full-Service,standard,Super Store,3/8/2017,usda_historical_2005_2025
Gordon Food Service Store MP120,6740 Peach St,ERIE,PA,16509,42.05636,-80.09114,Full-Service,standard,Supermarket,8/23/2005,usda_historical_2005_2025
Gordon's Butcher & Market,4815 Peach St,ERIE,PA,16509,42.08284,-80.08886,Full-Service,standard,Supermarket,12/8/2025,usda_historical_2005_2025
Harborcreek Shurfine Marketplace,6992 Buffalo Rd,ERIE,PA,16421,42.17123,-79.94804,Full-Service,standard,Medium Grocery Store,6/28/2004,usda_historical_2005_2025
Herb And Honey Bakery,310 E 24th St,ERIE,PA,16503,42.11637,-80.06828,Full-Service,specialty,Bakery Specialty,11/30/2022,usda_historical_2005_2025
Himalayan Groceries Llc,418 E 21st St,ERIE,PA,16503,42.11977,-80.06718,Full-Service,standard,Medium Grocery Store,9/13/2022,usda_historical_2005_2025
International Bazaar,3305 Liberty St,ERIE,PA,16508,42.09997,-80.08627,Full-Service,specialty,Combination Grocery/Other,6/10/2024,usda_historical_2005_2025
Kamana Asian Foodmart Llc,1230 French St,ERIE,PA,16501,42.12337,-80.07955,Full-Service,standard,Medium Grocery Store,7/2/2019,usda_historical_2005_2025
KANG FUEL FOOD MART INC,605 Parade St,ERIE,PA,16503,42.13233,-80.07639,Convenience & Fuel,convenience,Convenience Store,3/15/2005,usda_historical_2005_2025
Kaze International Market Llc,813 East Ave,ERIE,PA,16503,42.13539,-80.06115,Full-Service,specialty,Small Grocery Store,12/27/2023,usda_historical_2005_2025
Kelley's Korner Market,3502 Station Rd,ERIE,PA,16510,42.13348,-80.00191,Convenience & Fuel,convenience,Convenience Store,8/12/2022,usda_historical_2005_2025
Kt Mart,351 W 26th St,ERIE,PA,16508,42.10874,-80.0814,Convenience & Fuel,convenience,Convenience Store,3/3/2023,usda_historical_2005_2025
Kwik Fill 165,271 Main St W,ERIE,PA,16417,41.9991,-80.31953,Convenience & Fuel,convenience,Convenience Store,7/11/1994,usda_historical_2005_2025
Kwik Fill 164,82 E Main St,ERIE,PA,16428,42.21735,-79.82986,Convenience & Fuel,convenience,Convenience Store,7/11/1994,usda_historical_2005_2025
Kwik Fill 197,3 Titusville Rd,ERIE,PA,16438,41.88445,-79.84263,Convenience & Fuel,convenience,Convenience Store,10/30/2018,usda_historical_2005_2025
Kwik Fill 376,10 E Columbus Ave,ERIE,PA,16407,41.93646,-79.64076,Convenience & Fuel,convenience,Convenience Store,10/30/2018,usda_historical_2005_2025
Kwik Fill 157,1588 E 38th St,ERIE,PA,16510,42.11482,-80.03265,Convenience & Fuel,convenience,Convenience Store,10/30/2018,usda_historical_2005_2025
Kwik Fill 154,1101 E Lake Rd,ERIE,PA,16507,42.1388,-80.06104,Convenience & Fuel,convenience,Convenience Store,11/1/2018,usda_historical_2005_2025
Kwik Fill 163,169 S Lake St,ERIE,PA,16428,42.20785,-79.83753,Convenience & Fuel,convenience,Convenience Store,11/1/2018,usda_historical_2005_2025
Kwik Fill 228,12201 E Main Rd,ERIE,PA,16428,42.23192,-79.78382,Convenience & Fuel,convenience,Convenience Store,11/1/2018,usda_historical_2005_2025
Kwik Fill 162,3360 W 38th St,ERIE,PA,16506,42.07399,-80.14309,Convenience & Fuel,convenience,Convenience Store,11/5/2018,usda_historical_2005_2025
Kwik Fill 150,7600 Peach St,ERIE,PA,16509,42.05176,-80.08401,Convenience & Fuel,convenience,Convenience Store,11/5/2018,usda_historical_2005_2025
Kwik Fill 151,1603 W 26th St,ERIE,PA,16508,42.09894,-80.1086,Convenience & Fuel,convenience,Convenience Store,11/5/2018,usda_historical_2005_2025
Kwik Fill 317,4702 W Ridge Rd,ERIE,PA,16506,42.07178,-80.18242,Convenience & Fuel,convenience,Convenience Store,11/5/2018,usda_historical_2005_2025
Kwik Fill 384,3745 McClelland Ave,ERIE,PA,16510,42.12099,-80.01675,Convenience & Fuel,convenience,Convenience Store,11/5/2018,usda_historical_2005_2025
Kwik Fill 159,6707 Buffalo Rd,ERIE,PA,16421,42.16866,-79.95224,Convenience & Fuel,convenience,Convenience Store,11/5/2018,usda_historical_2005_2025
Larkin's Market,263 E 22nd St,ERIE,PA,16503,42.11731,-80.06973,Convenience & Fuel,convenience,Convenience Store,7/30/2024,usda_historical_2005_2025
Larry's Central Market,1626 Sassafras St,ERIE,PA,16502,42.118,-80.0823,Full-Service,standard,Medium Grocery Store,2/6/2018,usda_historical_2005_2025
Lawrence Park & Go,4216 Main St,ERIE,PA,16511,42.15149,-80.01238,Convenience & Fuel,convenience,Convenience Store,7/23/2019,usda_historical_2005_2025
Legacy Hydroponics Llc. Farmers Market 1,11096 Peach St,ERIE,PA,16441,41.9795,-80.01432,Food & Grocery,farmers_market,Farmers' Market,7/26/2022,usda_historical_2005_2025
Little Italy Farmers Market,425 W 18th St,ERIE,PA,16502,42.11487,-80.08736,Food & Grocery,farmers_market,Farmers' Market,4/17/2013,usda_historical_2005_2025
Lucky Food Mart 2,701 State St,ERIE,PA,16501,42.12824,-80.0844,Convenience & Fuel,convenience,Convenience Store,4/20/2018,usda_historical_2005_2025
MASON FARMS,839 Peninsula Dr,ERIE,PA,16505,42.10304,-80.14704,Full-Service,specialty,Fruits/Veg Specialty,6/14/2001,usda_historical_2005_2025
"Mcdonald Meats, Inc.",10445 Ridge Rd,ERIE,PA,16417,41.99305,-80.34821,Full-Service,specialty,Meat/Poultry Specialty,1/5/2023,usda_historical_2005_2025
Meat & Moss Company,606 Erie St,ERIE,PA,16412,41.88896,-80.12648,Full-Service,standard,Medium Grocery Store,9/29/2025,usda_historical_2005_2025
Nayan Enterprise Inc,2917 Glenwood Park Ave,ERIE,PA,16508,42.10816,-80.07336,Convenience & Fuel,convenience,Convenience Store,3/20/2023,usda_historical_2005_2025
Niethamer & Owens,1608 Parade St,ERIE,PA,16503,42.12286,-80.07063,Full-Service,specialty,Meat/Poultry Specialty,6/23/2022,usda_historical_2005_2025
Oakwood Freshmart Llc,1617 W 26th St,ERIE,PA,16508,42.09851,-80.109,Full-Service,specialty,Combination Grocery/Other,10/24/2024,usda_historical_2005_2025
One Love Grocery Store LLC 1,601 West 17th Street,ERIE,PA,16502,42.11418,-80.09187,Full-Service,specialty,Small Grocery Store,8/19/2024,usda_historical_2005_2025
Oriental Minimart Grocery Llc 1,1218 E 38th St,ERIE,PA,16504,42.11254,-80.03961,Full-Service,standard,Medium Grocery Store,4/27/2021,usda_historical_2005_2025
Orton's Fruit Markert,5900 Station Rd,ERIE,PA,16428,42.18919,-79.83277,Food & Grocery,farmers_market,Farmers' Market,9/9/2021,usda_historical_2005_2025
Palace Life 1,1102 Parade Street,ERIE,PA,16503,42.12743,-80.07361,Full-Service,specialty,Small Grocery Store,10/7/2024,usda_historical_2005_2025
Parade Speed Check 01,1725 Parade St,ERIE,PA,16503,42.1218,-80.06944,Convenience & Fuel,convenience,Convenience Store,10/16/2014,usda_historical_2005_2025
Peace Market,1154 E 26th St,ERIE,PA,16504,42.12167,-80.04723,Full-Service,specialty,Small Grocery Store,3/15/2017,usda_historical_2005_2025
Pilot Travel Center 311,8035 Perry Hwy,ERIE,PA,16509,42.06876,-80.03896,Convenience & Fuel,convenience,Convenience Store,4/7/2017,usda_historical_2005_2025
Polly's Food Mart,2176 W 32nd St,ERIE,PA,16508,42.08923,-80.1196,Convenience & Fuel,convenience,Convenience Store,3/6/2025,usda_historical_2005_2025
Quick Stop,2119 Buffalo Rd,ERIE,PA,16510,42.13387,-80.0291,Convenience & Fuel,convenience,Convenience Store,12/8/2023,usda_historical_2005_2025
Quick Stop Food Store,408 W 18th St,ERIE,PA,16502,42.11566,-80.0859,Convenience & Fuel,convenience,Convenience Store,10/29/2019,usda_historical_2005_2025
S & A Market,2690 Cherry St,ERIE,PA,16508,42.1047,-80.08565,Convenience & Fuel,convenience,Convenience Store,8/19/2024,usda_historical_2005_2025
Sam's Club 6675,7200 Peach St,ERIE,PA,16509,42.05413,-80.0867,Full-Service,standard,Super Store,1/12/2009,usda_historical_2005_2025
Sander Markets,826 N Center St,ERIE,PA,16407,41.93023,-79.64131,Full-Service,standard,Supermarket,11/4/2003,usda_historical_2005_2025
Sander's Markets,109 W Main St,ERIE,PA,16428,42.21294,-79.84155,Full-Service,standard,Super Store,8/29/2000,usda_historical_2005_2025
Save A Lot 30075,2209 W 12th St,ERIE,PA,16505,42.10335,-80.13083,Full-Service,standard,Supermarket,10/16/2024,usda_historical_2005_2025
Save A Lot 30076,2026 Broad St,ERIE,PA,16503,42.12687,-80.04585,Full-Service,standard,Supermarket,10/16/2024,usda_historical_2005_2025
Schwebel Baking Co of PA 9,8275 Perry Hwy,ERIE,PA,16509,42.06362,-80.03313,Full-Service,specialty,Bakery Specialty,3/25/1999,usda_historical_2005_2025
SERAFIN'S FOOD MARKET,601 E 24th St,ERIE,PA,16503,42.11847,-80.06139,Full-Service,specialty,Small Grocery Store,1/19/1996,usda_historical_2005_2025
Sheetz 334,5930 Route 6N,ERIE,PA,16412,41.87989,-80.17395,Convenience & Fuel,convenience,Convenience Store,11/25/2002,usda_historical_2005_2025
Sheetz 499,8180 Perry Hwy,ERIE,PA,16509,42.06554,-80.03673,Convenience & Fuel,convenience,Convenience Store,10/16/2012,usda_historical_2005_2025
Sheetz 528,809 Main St E,ERIE,PA,16417,42.00658,-80.3074,Convenience & Fuel,convenience,Convenience Store,10/3/2013,usda_historical_2005_2025
Sheetz 557,750 Peninsula Dr,ERIE,PA,16505,42.10427,-80.14882,Convenience & Fuel,convenience,Convenience Store,10/6/2014,usda_historical_2005_2025
Sheetz 755,3814 Liberty St,ERIE,PA,16509,42.09516,-80.08428,Convenience & Fuel,convenience,Convenience Store,8/30/2022,usda_historical_2005_2025
SHOP RITE,2401 Parade St,ERIE,PA,16503,42.11679,-80.06602,Full-Service,specialty,Small Grocery Store,10/13/2005,usda_historical_2005_2025
SHOP RITE,1031 Parade St,ERIE,PA,16503,42.12786,-80.07336,Convenience & Fuel,convenience,Convenience Store,10/4/2006,usda_historical_2005_2025
Smirna Store Llc,3204 Buffalo Rd,ERIE,PA,16510,42.1404,-80.01553,Full-Service,standard,Medium Grocery Store,2/15/2023,usda_historical_2005_2025
Smj International LLC,227 Hathaway St E,ERIE,PA,16417,42.0078,-80.31918,Convenience & Fuel,convenience,Convenience Store,7/24/2025,usda_historical_2005_2025
Souq Inc,760 E 12th St,ERIE,PA,16503,42.13015,-80.06389,Full-Service,standard,Medium Grocery Store,12/1/2023,usda_historical_2005_2025
Stanganelli's Italian Foods,602 E 25th St,ERIE,PA,16503,42.11801,-80.06088,Full-Service,specialty,Combination Grocery/Other,6/2/2025,usda_historical_2005_2025
Stop and Go 2,732 Parade St,ERIE,PA,16503,42.13079,-80.07549,Full-Service,specialty,Combination Grocery/Other,2/13/2017,usda_historical_2005_2025
Storbes Market LLC,1016 State St,ERIE,PA,16501,42.12489,-80.08263,Full-Service,specialty,Small Grocery Store,2/6/2024,usda_historical_2005_2025
SUNOCO,26 E 12th St,ERIE,PA,16501,42.12429,-80.08058,Convenience & Fuel,convenience,Convenience Store,2/22/1989,usda_historical_2005_2025
TA Harborcreek 215,4050 Depot Rd,ERIE,PA,16510,42.14067,-79.92345,Convenience & Fuel,convenience,Convenience Store,7/17/2016,usda_historical_2005_2025
Target 1287,6700 Peach St,ERIE,PA,16509,42.05489,-80.09492,Full-Service,standard,Super Store,3/21/2007,usda_historical_2005_2025
Tops Markets 668,19 E High St,ERIE,PA,16438,41.89968,-79.84404,Full-Service,standard,Supermarket,4/1/1971,usda_historical_2005_2025
Tops Markets 665,712 W 38th St,ERIE,PA,16508,42.09725,-80.08434,Full-Service,standard,Supermarket,1/5/1993,usda_historical_2005_2025
Tops Markets 601,1702 E 38th St,ERIE,PA,16510,42.11581,-80.02995,Full-Service,standard,Supermarket,6/3/1995,usda_historical_2005_2025
Tops Markets 667,230 South High Street,ERIE,PA,16441,41.93866,-79.98217,Full-Service,standard,Supermarket,12/6/2005,usda_historical_2005_2025
"Trawka's Mom & Pop Grocery,llc",712 Payne Ave,ERIE,PA,16503,42.13814,-80.05403,Full-Service,specialty,Small Grocery Store,10/16/2023,usda_historical_2005_2025
"Tudor Hook-n-nook, Inc.",10543 Old Lake Rd,ERIE,PA,16423,42.02264,-80.3588,Convenience & Fuel,convenience,Convenience Store,4/24/2023,usda_historical_2005_2025
Uk Supermarket,1105 Parade St,ERIE,PA,16503,42.12757,-80.07298,Full-Service,standard,Medium Grocery Store,8/2/2013,usda_historical_2005_2025
URBANIAK BROTHERS INC,310 E 24th St,ERIE,PA,16503,42.11637,-80.06828,Full-Service,specialty,Meat/Poultry Specialty,6/2/1988,usda_historical_2005_2025
Walgreens 10520,3727 Peach St,ERIE,PA,16508,42.09734,-80.0815,Full-Service,specialty,Combination Grocery/Other,3/12/2008,usda_historical_2005_2025
Walmart 2561,5350 W Ridge Rd,ERIE,PA,16506,42.06567,-80.19382,Full-Service,standard,Super Store,11/21/2003,usda_historical_2005_2025
Walmart Supercenter 3253,108 Washington Towne Blvd N,ERIE,PA,16412,41.87677,-80.17419,Full-Service,standard,Super Store,8/14/2001,usda_historical_2005_2025
Walmart Supercenter 2909,961 E Columbus Ave,ERIE,PA,16407,41.93243,-79.61261,Full-Service,standard,Super Store,3/22/2002,usda_historical_2005_2025
Walmart Supercenter 2278,1825 Downs Drive,ERIE,PA,16509,42.05115,-80.08411,Full-Service,standard,Super Store,10/4/2002,usda_historical_2005_2025
Walmart Supercenter 3281,5741 Buffalo Rd,ERIE,PA,16421,42.16104,-79.96911,Full-Service,standard,Super Store,12/15/2003,usda_historical_2005_2025
Walmart Supercenter 5445,2711 Elm St,ERIE,PA,16504,42.12299,-80.04108,Full-Service,standard,Super Store,8/2/2004,usda_historical_2005_2025
Wegmans 75,6143 Peach St,ERIE,PA,16509,42.06144,-80.0938,Full-Service,standard,Supermarket,6/20/1993,usda_historical_2005_2025
Wegmans 69,5028 W Ridge Rd,ERIE,PA,16506,42.0679,-80.18941,Full-Service,standard,Supermarket,3/16/1997,usda_historical_2005_2025
Westside Market On Powell,1119 Powell Ave,ERIE,PA,16505,42.0924,-80.16734,Convenience & Fuel,convenience,Convenience Store,8/29/2024,usda_historical_2005_2025
WHOLE FOODS COOPERATIVE,1341 W 26th St,ERIE,PA,16508,42.10159,-80.10152,Full-Service,standard,Large Grocery Store,8/11/1981,usda_historical_2005_2025
BAUGHMANS MARKET,119 Cherry St,FOREST,PA,16239,41.46843,-79.12443,Full-Service,specialty,Fruits/Veg Specialty,4/1/1971,usda_historical_2005_2025
Dollar General 11278,41213 Rte 66,FOREST,PA,16239,41.46143,-79.13407,Full-Service,specialty,Combination Grocery/Other,11/3/2008,usda_historical_2005_2025
Dollar General Store 15700,658 Elm St,FOREST,PA,16353,41.50394,-79.45441,Full-Service,specialty,Combination Grocery/Other,10/22/2015,usda_historical_2005_2025
DOLLARTREE 10353,143 Cherry St.,FOREST,PA,16239,41.46677,-79.12626,Full-Service,specialty,Combination Grocery/Other,10/17/2024,usda_historical_2005_2025
Kwik Fill 391,42085 Route 66,FOREST,PA,16239,41.4822,-79.10613,Convenience & Fuel,convenience,Convenience Store,11/5/2018,usda_historical_2005_2025
"Tionesta Farm Fresh, Llc",102 Faulkner Dr,FOREST,PA,16353,41.49459,-79.45773,Full-Service,standard,Large Grocery Store,12/8/2020,usda_historical_2005_2025
University Korner,102 Chestnut St,FOREST,PA,16239,41.46964,-79.12277,Convenience & Fuel,convenience,Convenience Store,11/4/2014,usda_historical_2005_2025
ALDI 44071 44071,545 W Mahoning St,JEFFERSON,PA,15767,40.9415,-78.98331,Full-Service,standard,Supermarket,9/21/2006,usda_historical_2005_2025
Anna's Place Of Brookville,441 Madison Ave,JEFFERSON,PA,15825,41.16018,-79.08608,Full-Service,specialty,Small Grocery Store,8/4/2021,usda_historical_2005_2025
BFS Foods 55,250 W Main St,JEFFERSON,PA,15825,41.16373,-79.09658,Convenience & Fuel,convenience,Convenience Store,2/7/2023,usda_historical_2005_2025
Biggie's Quality Meats LLC,6036 Route 119,JEFFERSON,PA,15767,41.00485,-78.83984,Full-Service,specialty,Meat/Poultry Specialty,12/1/2003,usda_historical_2005_2025
Brookville Hometown Market,53 Taylor St,JEFFERSON,PA,15825,41.1584,-79.0756,Full-Service,standard,Super Store,9/30/2020,usda_historical_2005_2025
DOLLAR GENERAL 1018,1249 Main St,JEFFERSON,PA,15824,41.24791,-78.78819,Full-Service,specialty,Combination Grocery/Other,6/29/2004,usda_historical_2005_2025
DOLLAR GENERAL 8310,8948 Big Run Prescottville Rd,JEFFERSON,PA,15851,41.08397,-78.86873,Full-Service,specialty,Combination Grocery/Other,8/11/2004,usda_historical_2005_2025
DOLLAR GENERAL 0129,213 Hampton Ave,JEFFERSON,PA,15767,40.94547,-78.9677,Full-Service,specialty,Combination Grocery/Other,8/11/2004,usda_historical_2005_2025
DOLLAR GENERAL 0503,225 Allegheny Blvd,JEFFERSON,PA,15825,41.16617,-79.09771,Full-Service,specialty,Combination Grocery/Other,8/11/2004,usda_historical_2005_2025
DOLLAR GENERAL 14208,270 W Liberty St,JEFFERSON,PA,15865,41.04563,-78.82537,Full-Service,specialty,Combination Grocery/Other,7/1/2013,usda_historical_2005_2025
DOLLAR GENERAL 18983,3317 Route 36,JEFFERSON,PA,15764,40.98779,-79.02198,Full-Service,specialty,Combination Grocery/Other,6/6/2018,usda_historical_2005_2025
Dollar General 21614,12702 Harrison St,JEFFERSON,PA,15864,41.11932,-79.18763,Full-Service,specialty,Combination Grocery/Other,10/13/2020,usda_historical_2005_2025
Dollar General 22031,549 Route 28,JEFFERSON,PA,15825,41.16065,-79.0527,Full-Service,specialty,Combination Grocery/Other,4/14/2021,usda_historical_2005_2025
Dollar General 24532,1028 W Mahoning St,JEFFERSON,PA,15767,40.94341,-78.98999,Full-Service,specialty,Combination Grocery/Other,8/17/2022,usda_historical_2005_2025
Dollar General 23827,60 Washington Ave,JEFFERSON,PA,15840,41.14795,-78.81007,Full-Service,specialty,Combination Grocery/Other,9/30/2022,usda_historical_2005_2025
Dollar General 25142,317 W Main St,JEFFERSON,PA,15715,40.96945,-78.88557,Full-Service,specialty,Combination Grocery/Other,10/3/2023,usda_historical_2005_2025
Dollar Tree 2568,22000 Route 119,JEFFERSON,PA,15767,40.92984,-78.98208,Full-Service,specialty,Combination Grocery/Other,10/19/2010,usda_historical_2005_2025
Family Dollar Store 6533,235 Allegheny Blvd,JEFFERSON,PA,15825,41.16756,-79.09781,Full-Service,specialty,Combination Grocery/Other,5/30/2009,usda_historical_2005_2025
GetGo 3080,217 Allegheny Blvd,JEFFERSON,PA,15825,41.16534,-79.09834,Convenience & Fuel,convenience,Convenience Store,6/24/2025,usda_historical_2005_2025
Giant Eagle 80,40 S White St,JEFFERSON,PA,15825,41.15673,-79.08581,Full-Service,standard,Super Store,6/10/2010,usda_historical_2005_2025
Infinity Market Depot,212 W Mahoning St,JEFFERSON,PA,15767,40.94341,-78.973,Convenience & Fuel,convenience,Convenience Store,12/5/2024,usda_historical_2005_2025
Love's Travel Stop 829,1373 Route 28,JEFFERSON,PA,15825,41.17022,-79.0442,Convenience & Fuel,convenience,Convenience Store,5/31/2022,usda_historical_2005_2025
MARTINO'S BI-LO #733,1200 Main St,JEFFERSON,PA,15824,41.24724,-78.78905,Full-Service,standard,Supermarket,5/17/1984,usda_historical_2005_2025
Meatheads Market,694 Route 36,JEFFERSON,PA,15825,41.18246,-79.10044,Full-Service,specialty,Meat/Poultry Specialty,3/1/2023,usda_historical_2005_2025
Mikes Bi-Lo 702,32 S 5th St,JEFFERSON,PA,15851,41.09444,-78.88985,Full-Service,standard,Supermarket,2/8/1999,usda_historical_2005_2025
More For Less Resale and Surplus,15 Williams Rd,JEFFERSON,PA,15767,40.93732,-78.93199,Full-Service,standard,Medium Grocery Store,8/5/2009,usda_historical_2005_2025
Open Arms Farmacy,219 N Findley St,JEFFERSON,PA,15767,40.94502,-78.97217,Convenience & Fuel,convenience,Convenience Store,9/18/2025,usda_historical_2005_2025
Pilot Travel Center 707,246 Allegheny Blvd,JEFFERSON,PA,15825,41.17323,-79.09811,Convenience & Fuel,convenience,Convenience Store,5/25/2017,usda_historical_2005_2025
Punxsutawney Hometown Market 70,201 Hampton Ave,JEFFERSON,PA,15767,40.94667,-78.9688,Full-Service,standard,Super Store,7/10/2023,usda_historical_2005_2025
Reynoldsville One Stop,401 E Main St,JEFFERSON,PA,15851,41.09683,-78.88886,Convenience & Fuel,convenience,Convenience Store,2/5/2020,usda_historical_2005_2025
Sheetz 66,300 W Main St,JEFFERSON,PA,15825,41.16358,-79.09846,Convenience & Fuel,convenience,Convenience Store,11/5/1979,usda_historical_2005_2025
Sheetz 79,100 Elk Run Ave,JEFFERSON,PA,15767,40.95024,-78.96372,Convenience & Fuel,convenience,Convenience Store,6/17/1982,usda_historical_2005_2025
Sheetz 146,1408 Main St,JEFFERSON,PA,15824,41.24648,-78.78684,Convenience & Fuel,convenience,Convenience Store,7/20/1987,usda_historical_2005_2025
Sheetz 194,1867 Rich Hwy,JEFFERSON,PA,15840,41.14117,-78.78509,Convenience & Fuel,convenience,Convenience Store,10/23/1992,usda_historical_2005_2025
Snax Food And Gas,20135 Route 119,JEFFERSON,PA,15767,40.90979,-79.00243,Convenience & Fuel,convenience,Convenience Store,10/23/2024,usda_historical_2005_2025
Stahlman's Country Store Inc.,8207 Route 536,JEFFERSON,PA,15767,40.97438,-79.1067,Convenience & Fuel,convenience,Convenience Store,4/18/2019,usda_historical_2005_2025
Sykesville One Stop,220 E Main St,JEFFERSON,PA,15865,41.05206,-78.8179,Convenience & Fuel,convenience,Convenience Store,6/1/2022,usda_historical_2005_2025
TA Brookville 003,245 Allegheny Blvd,JEFFERSON,PA,15825,41.17333,-79.09819,Convenience & Fuel,convenience,Convenience Store,7/26/2011,usda_historical_2005_2025
Teds Meat Mkt,130 Palumbo Rd,JEFFERSON,PA,15851,41.10372,-78.86407,Full-Service,specialty,Combination Grocery/Other,3/26/1986,usda_historical_2005_2025
THE DIXON CORNER COUNTRY STORE,10458 Richardsville Rd,JEFFERSON,PA,15825,41.27818,-78.96873,Convenience & Fuel,convenience,Convenience Store,8/8/2016,usda_historical_2005_2025
Toms Meat Market,4595 Route 322,JEFFERSON,PA,15825,41.17215,-79.12608,Full-Service,specialty,Meat/Poultry Specialty,3/7/2023,usda_historical_2005_2025
UNI MART,565 W Mahoning St,JEFFERSON,PA,15767,40.94224,-78.98182,Convenience & Fuel,convenience,Convenience Store,7/14/2005,usda_historical_2005_2025
Uni Mart 04077,512 E Mahoning St,JEFFERSON,PA,15767,40.94449,-78.96371,Convenience & Fuel,convenience,Convenience Store,12/29/2009,usda_historical_2005_2025
Walmart 2664,21920 Route 119,JEFFERSON,PA,15767,40.9277,-78.98074,Full-Service,standard,Super Store,6/7/2002,usda_historical_2005_2025
Aldi 69083,1001 E Main St,MCKEAN,PA,16701,41.97826,-78.61724,Full-Service,standard,Supermarket,12/20/2017,usda_historical_2005_2025
BELL'S MEAT & POULTRY,401 N Fraley St,MCKEAN,PA,16735,41.66685,-78.81216,Full-Service,specialty,Meat/Poultry Specialty,4/28/2018,usda_historical_2005_2025
Bradford Save-A-Lot 24446,75 Forman St,MCKEAN,PA,16701,41.95877,-78.64448,Full-Service,standard,Supermarket,2/15/2005,usda_historical_2005_2025
Choice Gas And Convenience,99 S Fraley St,MCKEAN,PA,16735,41.65783,-78.81133,Convenience & Fuel,convenience,Convenience Store,8/2/2011,usda_historical_2005_2025
"COSTA'S SUPERMARKET, INC",407 E Water St,MCKEAN,PA,16749,41.80947,-78.43778,Full-Service,standard,Supermarket,4/18/1979,usda_historical_2005_2025
Country Fair 64,8 W Washington St,MCKEAN,PA,16701,41.95764,-78.65187,Convenience & Fuel,convenience,Convenience Store,6/9/1997,usda_historical_2005_2025
Country Fair 69,325 Biddle St,MCKEAN,PA,16735,41.65964,-78.80389,Convenience & Fuel,convenience,Convenience Store,10/6/2016,usda_historical_2005_2025
Crosby's 40037,1469 South Ave,MCKEAN,PA,16738,41.87373,-78.6627,Convenience & Fuel,convenience,Convenience Store,6/6/2008,usda_historical_2005_2025
Crosby's 40034,242 W Washington St,MCKEAN,PA,16701,41.95745,-78.66274,Convenience & Fuel,convenience,Convenience Store,6/6/2008,usda_historical_2005_2025
Crosby's 40035,1002 E Main St,MCKEAN,PA,16701,41.97753,-78.61655,Convenience & Fuel,convenience,Convenience Store,6/6/2008,usda_historical_2005_2025
Crosby's 40038,573 South Ave,MCKEAN,PA,16701,41.93139,-78.65269,Convenience & Fuel,convenience,Convenience Store,6/6/2008,usda_historical_2005_2025
CVS PHARMACY 4270,10 Davis St,MCKEAN,PA,16701,41.95682,-78.64454,Full-Service,specialty,Combination Grocery/Other,7/17/2003,usda_historical_2005_2025
Dandy Mini Mart 62,300 Main St,MCKEAN,PA,16731,41.96428,-78.38451,Convenience & Fuel,convenience,Convenience Store,7/6/2009,usda_historical_2005_2025
DOLLAR GENERAL 4308,114 Boylston St,MCKEAN,PA,16701,41.95689,-78.64536,Full-Service,specialty,Combination Grocery/Other,8/11/2004,usda_historical_2005_2025
DOLLAR GENERAL 2993,1034 E Main St,MCKEAN,PA,16701,41.9798,-78.61682,Full-Service,specialty,Combination Grocery/Other,8/11/2004,usda_historical_2005_2025
DOLLAR GENERAL 2191,397 N Fraley St,MCKEAN,PA,16735,41.66629,-78.81219,Full-Service,specialty,Combination Grocery/Other,8/11/2004,usda_historical_2005_2025
DOLLAR GENERAL 8455,104 S Marvin St,MCKEAN,PA,16749,41.80555,-78.45255,Full-Service,specialty,Combination Grocery/Other,8/11/2004,usda_historical_2005_2025
Dollar General 10716,502 N Main St,MCKEAN,PA,16743,41.81794,-78.28458,Full-Service,specialty,Combination Grocery/Other,4/16/2007,usda_historical_2005_2025
Dollar General 14894,15 S Main St,MCKEAN,PA,16731,41.94251,-78.37629,Full-Service,specialty,Combination Grocery/Other,6/23/2014,usda_historical_2005_2025
DOLLAR GENERAL 18148,980 South Ave,MCKEAN,PA,16701,41.90538,-78.65195,Full-Service,specialty,Combination Grocery/Other,10/19/2017,usda_historical_2005_2025
DOLLAR GENERAL 18692,8990 Route 6,MCKEAN,PA,16735,41.7103,-78.69291,Full-Service,specialty,Combination Grocery/Other,4/2/2018,usda_historical_2005_2025
Dollar General 24098,102 W Washington St,MCKEAN,PA,16701,41.9576,-78.65598,Full-Service,specialty,Combination Grocery/Other,1/12/2022,usda_historical_2005_2025
Dollar General 25358,786 Main St,MCKEAN,PA,16729,41.94863,-78.47487,Full-Service,specialty,Combination Grocery/Other,3/18/2024,usda_historical_2005_2025
Dollar Tree 2149,1001 E Main St,MCKEAN,PA,16701,41.97902,-78.61958,Full-Service,specialty,Combination Grocery/Other,12/1/2011,usda_historical_2005_2025
DOLLARTREE 8088,519 N Fraley St,MCKEAN,PA,16735,41.66956,-78.81394,Full-Service,specialty,Combination Grocery/Other,12/20/2023,usda_historical_2005_2025
Family Dollar 12627,75 Forman St,MCKEAN,PA,16701,41.95877,-78.64448,Full-Service,specialty,Combination Grocery/Other,3/8/2021,usda_historical_2005_2025
"G L CARLSON, INC",1787 Champlin Hill Rd,MCKEAN,PA,16750,41.86755,-78.34352,Full-Service,specialty,Small Grocery Store,10/31/1980,usda_historical_2005_2025
Kwik Fill 201,227 E Main St,MCKEAN,PA,16701,41.96107,-78.63457,Convenience & Fuel,convenience,Convenience Store,11/5/2018,usda_historical_2005_2025
Nittany Minit Mart 255,8906 Route 6,MCKEAN,PA,16735,41.70835,-78.69392,Convenience & Fuel,convenience,Convenience Store,9/9/2013,usda_historical_2005_2025
Nittany Minit Mart 256,18265 Route 6,MCKEAN,PA,16730,41.80991,-78.42621,Convenience & Fuel,convenience,Convenience Store,7/14/2021,usda_historical_2005_2025
Paul's Trading Post,11124 Route 321,MCKEAN,PA,16735,41.75816,-78.87399,Convenience & Fuel,convenience,Convenience Store,2/17/2015,usda_historical_2005_2025
Port Foods Llc/Shop N Save,50 W Mill St,MCKEAN,PA,16743,41.81042,-78.28101,Full-Service,standard,Super Store,8/21/2014,usda_historical_2005_2025
Save A Lot 24746,608 N Fraley St,MCKEAN,PA,16735,41.66964,-78.81228,Full-Service,standard,Supermarket,8/16/2010,usda_historical_2005_2025
Sheetz 166,101 N Main St,MCKEAN,PA,16743,41.81257,-78.28233,Convenience & Fuel,convenience,Convenience Store,12/23/1988,usda_historical_2005_2025
Sheetz 613,2 Bolivar Drive,MCKEAN,PA,16701,41.97718,-78.61715,Convenience & Fuel,convenience,Convenience Store,10/7/2016,usda_historical_2005_2025
Sheetz 656,3014 Route 219,MCKEAN,PA,16735,41.70967,-78.69417,Convenience & Fuel,convenience,Convenience Store,8/30/2018,usda_historical_2005_2025
The Grocery Stretcher Inc.,32 Main St,MCKEAN,PA,16701,41.95562,-78.64988,Convenience & Fuel,convenience,Convenience Store,8/20/2024,usda_historical_2005_2025
Tops Markets 672,525 N Fraley St,MCKEAN,PA,16735,41.67081,-78.81498,Full-Service,standard,Supermarket,5/21/1979,usda_historical_2005_2025
Tops Markets 610,150 Main St,MCKEAN,PA,16701,41.95597,-78.64448,Full-Service,standard,Supermarket,3/14/2014,usda_historical_2005_2025
Walmart Supercenter 3514,50 Foster Brook Blvd,MCKEAN,PA,16701,41.97846,-78.60894,Full-Service,standard,Super Store,3/7/2002,usda_historical_2005_2025
ALDI 69033,2415 State Route 257,VENANGO,PA,16319,41.35115,-79.71244,Full-Service,standard,Supermarket,9/11/1995,usda_historical_2005_2025
Big Sky Farms Market Llc,4201 State Route 8,VENANGO,PA,16354,41.58018,-79.68816,Full-Service,specialty,Small Grocery Store,9/8/2025,usda_historical_2005_2025
Clintonville Market,102 Emlenton St,VENANGO,PA,16372,41.19933,-79.87234,Full-Service,standard,Medium Grocery Store,12/7/2007,usda_historical_2005_2025
Coen Markets 1204,6412 Emlenton Clintonville Rd,VENANGO,PA,16373,41.1759,-79.73788,Convenience & Fuel,convenience,Convenience Store,12/16/2009,usda_historical_2005_2025
Core Goods,2 E 1st St,VENANGO,PA,16301,41.42856,-79.71071,Full-Service,specialty,Combination Grocery/Other,3/3/2023,usda_historical_2005_2025
Country Fair 47,1 Spring St,VENANGO,PA,16301,41.43435,-79.70658,Convenience & Fuel,convenience,Convenience Store,8/9/1988,usda_historical_2005_2025
Country Fair 21,228 Rocky Grove Ave,VENANGO,PA,16323,41.40942,-79.82712,Convenience & Fuel,convenience,Convenience Store,8/7/1992,usda_historical_2005_2025
Country Fair 89,5 Wilson Ave,VENANGO,PA,16301,41.42841,-79.70817,Convenience & Fuel,convenience,Convenience Store,7/8/2005,usda_historical_2005_2025
CVS PHARMACY 5096,204 E 2nd St,VENANGO,PA,16301,41.42802,-79.70764,Full-Service,specialty,Combination Grocery/Other,6/11/2003,usda_historical_2005_2025
DOLLAR GENERAL 8267,610 River Ave,VENANGO,PA,16373,41.17645,-79.71021,Full-Service,specialty,Combination Grocery/Other,6/29/2004,usda_historical_2005_2025
DOLLAR GENERAL 1655,697 Allegheny Blvd,VENANGO,PA,16323,41.40551,-79.80283,Full-Service,specialty,Combination Grocery/Other,6/29/2004,usda_historical_2005_2025
DOLLAR GENERAL 8878,575 N Seneca St,VENANGO,PA,16301,41.44415,-79.70224,Full-Service,specialty,Combination Grocery/Other,9/22/2004,usda_historical_2005_2025
Dollar General 11515,3958 State Route 257,VENANGO,PA,16346,41.40482,-79.70847,Full-Service,specialty,Combination Grocery/Other,6/8/2009,usda_historical_2005_2025
DOLLAR GENERAL 14254,426 Merrick St,VENANGO,PA,16341,41.5966,-79.59264,Full-Service,specialty,Combination Grocery/Other,7/11/2013,usda_historical_2005_2025
Dollar General 18076,5537 Pittsburgh Rd,VENANGO,PA,16038,41.19564,-79.97523,Full-Service,specialty,Combination Grocery/Other,9/10/2017,usda_historical_2005_2025
DOLLAR GENERAL 18190,1407 Pittsburgh Rd,VENANGO,PA,16323,41.37246,-79.85606,Full-Service,specialty,Combination Grocery/Other,11/16/2017,usda_historical_2005_2025
DOLLAR GENERAL 19478,2525 Patchel Run Rd,VENANGO,PA,16323,41.48675,-79.87047,Full-Service,specialty,Combination Grocery/Other,7/26/2018,usda_historical_2005_2025
Dollar General 20545,726 Main St,VENANGO,PA,16342,41.36708,-79.92937,Full-Service,specialty,Combination Grocery/Other,7/27/2019,usda_historical_2005_2025
Dollar General 22656,2360 State Route 157,VENANGO,PA,16301,41.39047,-79.57726,Full-Service,specialty,Combination Grocery/Other,2/1/2022,usda_historical_2005_2025
Dollar Tree 29,124 Home Depot Dr,VENANGO,PA,16323,41.35151,-79.72203,Full-Service,specialty,Combination Grocery/Other,9/28/2009,usda_historical_2005_2025
EMLENTON IGA,514 River Ave,VENANGO,PA,16373,41.17641,-79.70937,Full-Service,standard,Supermarket,3/21/1996,usda_historical_2005_2025
Family Dollar 11984,809 Grandview Rd,VENANGO,PA,16301,41.44129,-79.68858,Full-Service,specialty,Combination Grocery/Other,11/2/2017,usda_historical_2005_2025
Family Dollar Store 1941,124 State St,VENANGO,PA,16301,41.4278,-79.70941,Full-Service,specialty,Combination Grocery/Other,5/28/2009,usda_historical_2005_2025
Family Dollar Store 5956,377 Grant St,VENANGO,PA,16323,41.40529,-79.84138,Full-Service,specialty,Combination Grocery/Other,5/29/2009,usda_historical_2005_2025
Family Dollar Store 10300,444 Butler St,VENANGO,PA,16372,41.1953,-79.87381,Full-Service,specialty,Combination Grocery/Other,12/26/2013,usda_historical_2005_2025
Farmers Daughters Country Market Deli & Bakery,3126 State Route 257,VENANGO,PA,16346,41.37584,-79.70368,Convenience & Fuel,convenience,Convenience Store,12/16/2015,usda_historical_2005_2025
Franklin Markets Llc,1015 Buffalo St,VENANGO,PA,16323,41.39342,-79.82709,Full-Service,standard,Super Store,10/29/2018,usda_historical_2005_2025
Giant Eagle 86,602 E 2nd St,VENANGO,PA,16301,41.42657,-79.7047,Full-Service,standard,Super Store,2/5/2013,usda_historical_2005_2025
Giant Eagle Franklin 85,541 Allegheny Blvd,VENANGO,PA,16323,41.40289,-79.80909,Full-Service,standard,Super Store,11/23/2020,usda_historical_2005_2025
Main Street Market,714 Main St,VENANGO,PA,16342,41.36773,-79.92863,Full-Service,standard,Medium Grocery Store,6/27/1989,usda_historical_2005_2025
Nilu Enterprise Inc,7260 US 322,VENANGO,PA,16319,41.34753,-79.70454,Convenience & Fuel,convenience,Convenience Store,5/13/2021,usda_historical_2005_2025
Nilu Enterprise Inc,3654 State Route 257,VENANGO,PA,16346,41.39462,-79.70312,Convenience & Fuel,convenience,Convenience Store,5/24/2021,usda_historical_2005_2025
Nilu Enterprises,1375 Pittsburgh Rd,VENANGO,PA,16323,41.37406,-79.85455,Convenience & Fuel,convenience,Convenience Store,4/28/2021,usda_historical_2005_2025
Pollen Nation,436 Allegheny Blvd,VENANGO,PA,16323,41.40044,-79.81269,Full-Service,specialty,Fruits/Veg Specialty,7/15/2025,usda_historical_2005_2025
Save A Lot 30193,317 Grant St,VENANGO,PA,16323,41.40463,-79.84108,Full-Service,standard,Supermarket,12/1/2025,usda_historical_2005_2025
Schwebel Baking Company,1535 Allegheny Blvd,VENANGO,PA,16343,41.41579,-79.76733,Full-Service,specialty,Bakery Specialty,3/13/2002,usda_historical_2005_2025
Sheetz 84,1107 Liberty St,VENANGO,PA,16323,41.3952,-79.82659,Convenience & Fuel,convenience,Convenience Store,11/19/1982,usda_historical_2005_2025
Sheetz 260,7119 US 322,VENANGO,PA,16319,41.34962,-79.71083,Convenience & Fuel,convenience,Convenience Store,12/10/1998,usda_historical_2005_2025
Sheetz 439,590 Allegheny Blvd,VENANGO,PA,16323,41.40218,-79.80566,Convenience & Fuel,convenience,Convenience Store,5/15/2010,usda_historical_2005_2025
Sheetz 859,5775 State Route 8,VENANGO,PA,16038,41.20378,-79.97352,Convenience & Fuel,convenience,Convenience Store,11/19/2024,usda_historical_2005_2025
Smith's Country Store,4287 State Route 157,VENANGO,PA,16364,41.37465,-79.49199,Full-Service,specialty,Small Grocery Store,5/2/2016,usda_historical_2005_2025
Speedway 2921,5742 State Route 8,VENANGO,PA,16038,41.20338,-79.97456,Convenience & Fuel,convenience,Convenience Store,4/25/2016,usda_historical_2005_2025
Stillers Meats And Smokehouse,3190 State Route 257,VENANGO,PA,16346,41.37804,-79.70342,Full-Service,specialty,Meat/Poultry Specialty,4/2/2024,usda_historical_2005_2025
Walmart Supercenter 2597,10 Kimberly Ln,VENANGO,PA,16319,41.35066,-79.71891,Full-Service,standard,Super Store,7/13/1999,usda_historical_2005_2025
ALDI 74067 74067,3917 Market St,WARREN,PA,16365,41.89537,-79.149,Full-Service,standard,Supermarket,7/5/2006,usda_historical_2005_2025
Country Fair 10,161 Pleasant Dr,WARREN,PA,16365,41.83429,-79.15397,Convenience & Fuel,convenience,Convenience Store,10/21/1991,usda_historical_2005_2025
Country Fair 63,413 Pennsylvania Ave E,WARREN,PA,16365,41.84202,-79.13585,Convenience & Fuel,convenience,Convenience Store,11/18/1999,usda_historical_2005_2025
Country Fair 71,27740 Route 6,WARREN,PA,16371,41.8481,-79.32967,Convenience & Fuel,convenience,Convenience Store,4/14/2016,usda_historical_2005_2025
CVS PHARMACY 5093,100 Market St,WARREN,PA,16365,41.84401,-79.14503,Full-Service,specialty,Combination Grocery/Other,6/11/2003,usda_historical_2005_2025
DOLLAR GENERAL 8482,73 Railroad St,WARREN,PA,16371,41.84935,-79.31653,Full-Service,specialty,Combination Grocery/Other,6/29/2004,usda_historical_2005_2025
DOLLAR GENERAL 2299,40 Market St,WARREN,PA,16365,41.84233,-79.14368,Full-Service,specialty,Combination Grocery/Other,6/29/2004,usda_historical_2005_2025
Dollar General 12982,245 Crary Ave,WARREN,PA,16347,41.70346,-79.03081,Full-Service,specialty,Combination Grocery/Other,5/9/2011,usda_historical_2005_2025
Dollar General 15172,12683 Jackson Run Rd,WARREN,PA,16350,41.97289,-79.33754,Full-Service,specialty,Combination Grocery/Other,8/7/2014,usda_historical_2005_2025
Dollar General 16134,15455 Route 6,WARREN,PA,16313,41.82029,-79.11038,Full-Service,specialty,Combination Grocery/Other,4/23/2015,usda_historical_2005_2025
Dollar General 18051,6700 Market St,WARREN,PA,16345,41.93468,-79.14417,Full-Service,specialty,Combination Grocery/Other,9/10/2017,usda_historical_2005_2025
Dollar General 30902,16030 PA Route 62,WARREN,PA,16351,41.67673,-79.41703,Full-Service,specialty,Combination Grocery/Other,10/17/2024,usda_historical_2005_2025
Dollar Tree 3551,2745 Market St,WARREN,PA,16365,41.87906,-79.15045,Full-Service,specialty,Combination Grocery/Other,9/21/2010,usda_historical_2005_2025
Family Dollar 10961,70 Railroad St,WARREN,PA,16371,41.84903,-79.31791,Full-Service,specialty,Combination Grocery/Other,10/15/2014,usda_historical_2005_2025
Family Dollar 10587,15905 Route 62,WARREN,PA,16351,41.67846,-79.41559,Full-Service,specialty,Combination Grocery/Other,12/11/2014,usda_historical_2005_2025
Family Dollar Store 7297,1036 Pennsylvania Ave W,WARREN,PA,16365,41.84289,-79.16107,Full-Service,specialty,Combination Grocery/Other,6/17/2009,usda_historical_2005_2025
Kondaks Community Market,3 S Main St,WARREN,PA,16313,41.78068,-79.09455,Full-Service,standard,Medium Grocery Store,9/4/2024,usda_historical_2005_2025
Kwik Fill 149,600 Pennsylvania Ave E,WARREN,PA,16365,41.8408,-79.13508,Convenience & Fuel,convenience,Convenience Store,8/24/1973,usda_historical_2005_2025
Kwik Fill 152,201 Hickory St,WARREN,PA,16365,41.84536,-79.14952,Convenience & Fuel,convenience,Convenience Store,10/22/1982,usda_historical_2005_2025
Kwik Fill 299,7 Warren Rd,WARREN,PA,16350,41.98154,-79.34241,Convenience & Fuel,convenience,Convenience Store,10/30/2018,usda_historical_2005_2025
Kwik Fill 295,2016 Pa Ave E,WARREN,PA,16365,41.82742,-79.12067,Convenience & Fuel,convenience,Convenience Store,11/5/2018,usda_historical_2005_2025
Kwik Fill 381,30345 Route 6,WARREN,PA,16340,41.83457,-79.37597,Convenience & Fuel,convenience,Convenience Store,11/5/2018,usda_historical_2005_2025
Sheetz 520,2425 Market St,WARREN,PA,16365,41.87473,-79.15234,Convenience & Fuel,convenience,Convenience Store,6/1/2013,usda_historical_2005_2025
Spend Less,1751 Market St,WARREN,PA,16365,41.86548,-79.15577,Full-Service,specialty,Combination Grocery/Other,6/24/2021,usda_historical_2005_2025
Straight Off The Block,10 Center St,WARREN,PA,16347,41.70233,-79.03358,Full-Service,specialty,Meat/Poultry Specialty,6/30/2022,usda_historical_2005_2025
The Storehouse Grocery,103 E Main St,WARREN,PA,16371,41.85186,-79.31719,Full-Service,specialty,Combination Grocery/Other,5/29/2018,usda_historical_2005_2025
THE TRADING POST,15910 Route 62,WARREN,PA,16351,41.67848,-79.4161,Convenience & Fuel,convenience,Convenience Store,2/6/2019,usda_historical_2005_2025
Tops Markets 671,6 Leather St,WARREN,PA,16347,41.70189,-79.03323,Full-Service,standard,Supermarket,4/1/1971,usda_historical_2005_2025
Tops Markets 669,28 Railroad St,WARREN,PA,16371,41.85072,-79.3171,Full-Service,standard,Supermarket,4/1/1971,usda_historical_2005_2025
Tops Markets 603,74 Market St,WARREN,PA,16365,41.84277,-79.14468,Full-Service,standard,Supermarket,11/16/2015,usda_historical_2005_2025
Walmart 3429,2901 Market St,WARREN,PA,16365,41.88216,-79.15093,Full-Service,standard,Super Store,2/2/2007,usda_historical_2005_2025
Warren Shurfine 1,1613 Pennsylvania Ave E,WARREN,PA,16365,41.83221,-79.12563,Full-Service,standard,Supermarket,1/17/2017,usda_historical_2005_2025
